Player,Nation,Team,Position,Age,Playing Time: matches played,Playing Time: starts,Playing Time: minutes,Performance: goals,Performance: assists,Performance: yellow cards,Performance: red cards,Expected: xG,Expected: xAG,PrgC,PrgP,PrgR,Per 90 minutes: Gls,Per 90 minutes: Ast,Per 90 minutes: xG,Per 90 minutes: xAG,Goalkeeping: Performance: GA90,Goalkeeping: Performance: Save%,Goalkeeping: Performance: CS%,Goalkeeping: Penalty Kicks: Save%,Shooting: Standard: SoT%,Shooting: Standard: SoT/90,Shooting: Standard: G/Sh,Shooting: Standard: Dist,Passing: Total: Cmp,Passing: Total: Cmp%,Passing: Total: TotDist,Passing: Short: Cmp%,Passing: Medium: Cmp%,Passing: Long: Cmp%,Passing: Expected: KP,Passing: Expected: 1/3,Passing: Expected: PPA,Passing: Expected: CrsPA,Passing: Expected: PrgP,Goal and Shot Creation: SCA: SCA,Goal and Shot Creation: SCA: SCA90,Goal and Shot Creation: GCA: GCA,Goal and Shot Creation: GCA: GCA90,Defensive Actions: Tackles: Tkl,Defensive Actions: Tackles: TklW,Defensive Actions: Challenges: Att,Defensive Actions: Challenges: Lost,Defensive Actions: Blocks: Blocks,Defensive Actions: Blocks: Sh,Defensive Actions: Blocks: Pass,Defensive Actions: Blocks: Int,Possession: Touches: Touches,Possession: Touches: Def Pen,Possession: Touches: Def 3rd,Possession: Touches: Mid 3rd,Possession: Touches: Att 3rd,Possession: Touches: Att Pen,Possession: Take-Ons: Att,Possession: Take-Ons: Succ%,Possession: Take-Ons: Tkld%,Possession: Carries: Carries,Possession: Carries: PrgDist,Possession: Carries: 1/3,Possession: Carries: CPA,Possession: Carries: Mis,Possession: Carries: Dis,Miscellaneous: Performance: Fls,Miscellaneous: Performance: Fld,Miscellaneous: Performance: Off,Miscellaneous: Performance: Crs,Miscellaneous: Performance: Recov,Miscellaneous: Aerial Duels: Won,Miscellaneous: Aerial Duels: Lost,Miscellaneous: Aerial Duels: Won%,Team_TransferSite,TransferValueRaw,TransferValue
Aaron Ramsdale,eng ENG,Southampton,GK,26-345,25,25,"2,250",0,0,2,0,0.0,0.0,0,0,0,0.0,0.0,0.0,0.0,2.32,67.7,8.0,28.6,,0.0,,,675,65.3,14526,99.5,95.9,39.5,0,32,1,0,0,3,0.12,0,0.0,0,0,2,2,0,0,0,2,1111,803,1094,20,0,0,0,,,687,2044,0,0,2,0,1,4,0,0,18,4,0,100.0,N/a,N/a,
Aaron Wan-Bissaka,eng ENG,West Ham,DF,27-149,31,30,"2,704",2,2,1,0,1.0,2.7,93,118,131,0.07,0.07,0.03,0.09,N/a,N/a,N/a,N/a,30.8,0.13,0.15,15.5,1234,80.9,6513,89.7,82.1,47.9,27,85,27,11,118,75,2.5,5,0.17,61,43,26,7,31,9,22,57,1900,134,610,808,509,38,95,53.7,34.7,887,3193,54,12,28,20,22,23,4,61,153,22,28,44.0,N/a,N/a,
Abdoulaye Doucouré,ml MLI,Everton,MF,32-113,29,28,"2,335",3,1,5,1,3.7,2.3,38,74,88,0.12,0.04,0.14,0.09,N/a,N/a,N/a,N/a,32.1,0.35,0.11,13.9,657,79.8,2071,84.9,83.2,74.1,26,43,14,0,74,53,2.04,2,0.08,42,25,33,21,29,6,23,9,1055,31,213,481,376,56,41,56.1,43.9,559,1301,22,8,32,34,46,5,9,22,134,29,40,42.0,N/a,N/a,
Adam Armstrong,eng ENG,Southampton,"FW,MF",28-073,20,15,"1,248",2,2,4,0,3.3,1.2,25,21,79,0.14,0.14,0.24,0.09,N/a,N/a,N/a,N/a,28.0,0.5,0.08,16.6,231,80.2,446,87.3,85.3,46.2,9,10,8,2,21,19,1.37,4,0.29,12,3,14,11,6,1,5,3,377,11,44,143,192,49,14,42.9,57.1,235,599,13,6,11,18,12,5,9,14,23,5,9,35.7,N/a,N/a,
Adam Smith,eng ENG,Bournemouth,DF,33-360,21,16,"1,319",0,0,5,0,0.7,0.2,12,39,31,0.0,0.0,0.04,0.02,N/a,N/a,N/a,N/a,0.0,0.0,0.0,16.9,415,75.7,2196,87.7,78.8,35.3,6,39,6,3,39,17,1.16,1,0.07,20,10,23,12,10,3,7,14,671,34,205,316,154,6,15,40.0,40.0,293,577,15,0,10,6,13,10,0,28,40,12,12,50.0,N/a,N/a,
Adam Wharton,eng ENG,Crystal Palace,MF,20-326,19,15,"1,258",0,2,2,0,0.4,3.1,14,105,10,0.0,0.14,0.03,0.22,N/a,N/a,N/a,N/a,41.7,0.36,0.0,25.5,521,75.6,3632,82.1,80.6,65.0,25,73,18,5,105,56,4.01,6,0.43,34,14,43,26,10,2,8,18,827,27,196,439,199,10,10,20.0,80.0,412,1019,22,2,14,13,12,21,0,35,96,7,16,30.4,N/a,N/a,
Adama Traoré,es ESP,Fulham,"FW,MF",29-089,31,16,"1,523",2,5,2,0,3.8,4.1,81,57,139,0.12,0.3,0.22,0.24,N/a,N/a,N/a,N/a,31.4,0.65,0.06,14.3,368,71.7,1419,81.3,72.9,54.3,33,32,27,14,57,67,3.96,8,0.47,17,12,13,8,6,0,6,1,701,2,71,254,396,83,85,49.4,37.6,468,2119,40,32,30,19,20,29,1,84,75,24,25,49.0,N/a,N/a,
Alejandro Garnacho,ar ARG,Manchester Utd,"MF,FW",20-297,32,21,"1,966",5,1,2,0,6.2,3.5,130,50,260,0.23,0.05,0.28,0.16,N/a,N/a,N/a,N/a,37.0,1.24,0.07,16.9,579,79.3,1035,89.5,82.9,56.5,29,19,21,3,50,69,3.16,4,0.18,28,18,33,22,17,0,17,11,1033,13,118,329,603,152,82,29.3,62.2,748,2922,66,63,57,46,10,38,9,47,102,3,23,11.5,N/a,N/a,
Alex Iwobi,ng NGA,Fulham,"FW,MF",28-356,33,31,"2,636",9,5,1,0,4.3,6.4,128,185,214,0.31,0.17,0.15,0.22,N/a,N/a,N/a,N/a,45.0,0.92,0.15,18.5,995,74.5,5031,85.8,77.6,54.3,52,100,74,15,185,111,3.79,15,0.51,37,21,28,11,25,1,24,11,1631,31,222,660,774,103,83,50.6,44.6,1159,3894,94,37,54,38,16,16,4,109,122,5,29,14.7,N/a,N/a,
Alexander Isak,se SWE,Newcastle Utd,FW,25-215,30,30,"2,411",21,6,1,0,17.5,4.0,76,74,192,0.78,0.22,0.66,0.15,N/a,N/a,N/a,N/a,45.1,1.38,0.23,14.4,441,73.6,1440,82.5,77.4,62.9,38,32,23,1,74,83,3.1,14,0.52,12,5,12,7,18,2,16,3,896,19,52,337,521,166,85,49.4,49.4,541,1700,40,42,59,50,24,12,20,15,52,25,47,34.7,N/a,N/a,
Alexis Mac Allister,ar ARG,Liverpool,MF,26-121,32,29,"2,471",4,4,6,0,2.7,4.4,32,169,75,0.15,0.15,0.1,0.16,N/a,N/a,N/a,N/a,34.3,0.44,0.11,18.2,1210,83.4,5475,89.9,88.4,56.0,41,116,34,2,169,115,4.19,14,0.51,88,54,92,43,58,5,53,21,1770,52,265,921,603,56,42,38.1,50.0,869,1887,39,3,29,22,59,39,2,80,138,18,33,35.3,N/a,N/a,
Alisson,br BRA,Liverpool,GK,32-204,23,23,"2,058",0,0,0,0,0.0,0.6,0,0,0,0.0,0.0,0.0,0.03,0.83,72.1,39.1,,,0.0,,,590,82.4,8631,98.9,98.4,46.8,1,10,0,0,0,6,0.26,1,0.04,1,0,1,1,0,0,0,0,758,551,743,15,0,0,1,100.0,0.0,484,1136,0,0,1,0,0,2,0,0,41,6,0,100.0,N/a,N/a,
Alphonse Areola,fr FRA,West Ham,GK,32-056,22,21,"1,900",0,0,0,0,0.0,0.0,0,0,0,0.0,0.0,0.0,0.0,1.66,62.8,19.0,,,0.0,,,583,70.0,10598,99.2,95.0,43.1,0,7,0,0,0,3,0.14,0,0.0,2,2,3,1,0,0,0,0,883,707,875,9,0,0,0,,,494,1103,0,0,0,0,0,0,0,0,26,2,0,100.0,N/a,N/a,
Amad Diallo,ci CIV,Manchester Utd,"FW,MF",22-287,22,17,"1,594",6,6,3,0,4.1,3.9,92,53,159,0.34,0.34,0.23,0.22,N/a,N/a,N/a,N/a,32.5,0.73,0.15,17.7,658,82.9,1880,90.4,85.3,52.4,39,25,29,5,53,80,4.52,16,0.9,33,26,26,11,10,0,10,11,1012,13,150,374,504,109,72,50.0,44.4,656,2294,46,52,35,32,19,23,9,38,93,9,15,37.5,N/a,N/a,
Amadou Onana,be BEL,Aston Villa,MF,23-251,22,17,"1,348",3,0,4,0,2.1,0.3,20,58,13,0.2,0.0,0.14,0.02,N/a,N/a,N/a,N/a,35.3,0.4,0.18,14.7,589,88.4,2316,94.4,89.9,71.4,7,52,8,1,58,25,1.67,4,0.27,46,24,24,10,14,6,8,24,836,60,227,490,132,20,17,64.7,17.6,459,1237,20,1,10,9,30,23,0,1,64,25,18,58.1,N/a,N/a,
Andreas Pereira,br BRA,Fulham,MF,29-113,30,22,"1,834",2,4,7,0,3.4,4.3,27,98,77,0.1,0.2,0.17,0.21,N/a,N/a,N/a,N/a,23.5,0.39,0.06,22.1,624,69.0,3622,83.5,78.1,41.6,54,64,19,4,98,96,4.71,8,0.39,22,12,39,29,16,2,14,8,1066,16,153,438,492,38,29,44.8,27.6,547,1254,34,8,24,21,26,22,1,158,97,12,20,37.5,N/a,N/a,
Andrew Robertson,sct SCO,Liverpool,DF,31-044,30,26,"2,218",0,0,3,1,0.9,4.1,57,163,90,0.0,0.0,0.04,0.17,N/a,N/a,N/a,N/a,16.7,0.08,0.0,15.0,1405,83.2,7509,94.4,87.0,46.7,38,139,27,15,163,73,2.96,3,0.12,38,22,47,17,9,4,5,20,1877,85,475,856,559,47,18,38.9,55.6,998,2541,48,6,24,10,10,7,2,131,89,6,12,33.3,N/a,N/a,
André,br BRA,Wolves,MF,23-282,28,26,"2,087",0,0,7,0,0.3,0.7,8,90,11,0.0,0.0,0.01,0.03,N/a,N/a,N/a,N/a,14.3,0.04,0.0,22.5,1026,92.8,4546,95.3,95.3,79.2,13,95,4,0,90,42,1.81,3,0.13,69,42,53,23,40,8,32,29,1339,80,363,867,123,3,26,50.0,34.6,742,1360,14,0,25,14,34,32,0,0,166,2,6,25.0,N/a,N/a,
André Onana,cm CMR,Manchester Utd,GK,29-022,32,32,"2,880",0,0,0,0,0.0,0.2,0,1,0,0.0,0.0,0.0,0.01,1.31,69.5,28.1,25.0,,0.0,,,892,73.0,12788,99.1,99.0,36.2,1,23,0,0,1,4,0.12,0,0.0,1,1,3,2,0,0,0,0,1286,975,1265,22,0,0,0,,,912,2579,0,0,1,0,0,2,0,0,30,6,0,100.0,N/a,N/a,
Anthony Elanga,se SWE,Nott'ham Forest,FW,22-362,33,26,"2,052",6,9,1,0,3.9,4.4,79,47,164,0.26,0.39,0.17,0.19,N/a,N/a,N/a,N/a,45.7,0.7,0.17,16.8,426,65.3,2060,84.1,63.2,34.3,40,26,23,7,47,82,3.6,14,0.61,17,12,16,12,9,1,8,5,900,29,124,259,533,86,73,30.1,46.6,468,2071,41,36,65,35,7,32,13,142,79,22,33,40.0,N/a,N/a,
Anthony Gordon,eng ENG,Newcastle Utd,FW,24-059,29,25,"2,176",6,5,2,0,7.9,4.9,108,91,190,0.25,0.21,0.33,0.2,N/a,N/a,N/a,N/a,28.3,0.62,0.09,16.3,642,72.6,3273,85.9,77.5,41.7,49,59,49,16,91,96,3.97,12,0.5,31,17,34,22,24,2,22,6,1142,16,114,434,613,123,95,36.8,46.3,735,2937,54,55,28,35,19,62,7,119,91,5,7,41.7,N/a,N/a,
Antoine Semenyo,gh GHA,Bournemouth,FW,25-107,32,32,"2,823",8,4,9,0,9.1,5.7,132,103,258,0.26,0.13,0.29,0.18,N/a,N/a,N/a,N/a,31.0,1.15,0.07,17.2,713,73.4,2622,85.0,76.7,38.0,44,47,44,8,103,121,3.86,12,0.38,51,33,40,26,55,7,48,8,1448,41,174,504,802,174,122,52.5,40.2,875,3299,64,64,75,69,64,36,14,52,142,60,71,45.8,N/a,N/a,
Antonee Robinson,us USA,Fulham,DF,27-259,33,32,"2,899",0,10,8,0,0.7,4.1,110,120,257,0.0,0.31,0.02,0.13,N/a,N/a,N/a,N/a,12.5,0.06,0.0,22.1,1482,76.5,9277,86.5,78.9,56.6,41,109,50,26,120,74,2.3,11,0.34,84,56,86,43,36,6,30,56,2339,121,741,893,739,65,75,44.0,41.3,1252,3937,59,29,40,18,30,17,6,158,142,45,25,64.3,N/a,N/a,
Archie Gray,eng ENG,Tottenham,"DF,MF",19-043,23,14,"1,346",0,0,0,0,0.0,0.1,5,31,15,0.0,0.0,0.0,0.01,N/a,N/a,N/a,N/a,100.0,0.07,0.0,24.6,900,88.8,4890,92.5,93.0,61.4,2,37,0,0,31,5,0.33,0,0.0,12,6,16,10,19,10,9,10,1117,133,542,507,78,2,9,44.4,44.4,788,1492,5,0,7,10,9,11,0,12,56,9,8,52.9,N/a,N/a,
Arijanet Muric,xk KVX,Ipswich Town,GK,26-168,18,18,"1,620",0,0,1,0,0.0,0.0,0,1,0,0.0,0.0,0.0,0.0,1.83,70.0,5.6,0.0,,0.0,,,454,71.7,8247,100.0,97.3,40.6,0,14,0,0,1,1,0.06,0,0.0,0,0,2,2,0,0,0,0,689,559,672,18,0,0,0,,,405,1178,0,0,3,1,0,4,0,0,26,11,1,91.7,N/a,N/a,
Ashley Young,eng ENG,Everton,"DF,FW",39-289,27,17,"1,586",1,3,6,1,0.3,1.6,19,81,25,0.06,0.17,0.02,0.09,N/a,N/a,N/a,N/a,50.0,0.17,0.17,24.5,591,69.7,4949,87.6,75.7,40.8,19,68,17,8,81,36,2.04,6,0.34,50,28,49,18,10,3,7,22,1015,51,311,433,276,9,14,35.7,50.0,397,1176,24,1,8,1,24,17,0,63,60,10,10,50.0,N/a,N/a,
Axel Tuanzebe,cd COD,Ipswich Town,DF,27-161,18,17,"1,445",0,1,5,1,0.2,0.3,9,45,8,0.0,0.06,0.01,0.02,N/a,N/a,N/a,N/a,0.0,0.0,0.0,15.7,535,83.1,3171,91.0,81.8,56.1,4,49,2,0,45,11,0.68,2,0.12,29,17,24,8,18,9,9,21,789,89,343,347,105,6,10,40.0,60.0,338,724,6,1,11,1,12,11,0,6,43,15,16,48.4,N/a,N/a,
Bart Verbruggen,nl NED,Brighton,GK,22-249,31,31,"2,790",0,1,5,0,0.0,0.0,0,2,0,0.0,0.03,0.0,0.0,1.68,63.7,19.4,0.0,,0.0,,,896,78.0,14326,99.2,98.2,47.0,1,17,1,0,2,5,0.16,1,0.03,0,0,3,3,1,0,1,0,1226,973,1213,13,0,0,2,100.0,0.0,830,1548,1,1,2,0,0,2,0,0,57,10,1,90.9,N/a,N/a,
Ben Davies,wls WAL,Tottenham,DF,32-000,12,10,946,0,0,3,0,0.3,0.2,13,48,6,0.0,0.0,0.03,0.02,N/a,N/a,N/a,N/a,20.0,0.1,0.0,17.0,704,90.0,5396,93.4,94.7,69.8,2,40,2,0,48,8,0.76,0,0.0,13,9,13,7,18,11,7,10,901,148,458,400,43,12,1,100.0,0.0,528,1576,9,0,4,0,11,4,0,4,31,41,33,55.4,N/a,N/a,
Ben Johnson,eng ENG,Ipswich Town,"DF,FW",25-090,21,13,"1,312",1,2,3,0,1.1,1.3,16,25,32,0.07,0.14,0.07,0.09,N/a,N/a,N/a,N/a,42.9,0.21,0.14,12.6,292,71.7,2001,86.5,75.0,49.0,12,21,2,2,25,23,1.58,5,0.34,35,22,39,21,21,5,16,13,609,58,238,214,160,12,23,30.4,60.9,254,575,12,3,22,17,25,6,1,36,55,19,18,51.4,N/a,N/a,
Bernardo Silva,pt POR,Manchester City,"MF,FW",30-257,29,25,"2,311",3,4,7,0,3.2,4.2,92,109,180,0.12,0.16,0.13,0.17,N/a,N/a,N/a,N/a,35.7,0.39,0.11,12.9,1284,86.9,3579,91.9,88.7,65.3,44,70,30,7,109,79,3.08,8,0.31,49,32,49,26,30,7,23,19,1705,42,298,675,749,127,55,45.5,41.8,1068,3501,59,30,21,31,25,27,3,50,90,5,10,33.3,N/a,N/a,
Bernd Leno,de GER,Fulham,GK,33-051,33,33,"2,970",0,1,4,0,0.0,0.1,0,0,0,0.0,0.03,0.0,0.0,1.36,68.4,15.2,0.0,,0.0,,,1009,80.9,14655,99.5,98.8,46.6,2,14,2,0,0,5,0.15,2,0.06,2,2,2,0,1,0,1,0,1305,1046,1296,9,0,0,0,,,867,1914,0,0,0,0,0,3,0,0,47,9,0,100.0,N/a,N/a,
Beto,gw GNB,Everton,FW,27-083,25,10,"1,129",6,0,2,0,6.1,0.8,12,9,58,0.48,0.0,0.48,0.06,N/a,N/a,N/a,N/a,50.0,1.36,0.18,13.4,112,56.9,177,68.0,49.2,87.5,8,5,3,1,9,17,1.35,0,0.0,13,6,7,2,6,1,5,3,385,20,39,172,179,64,30,53.3,43.3,202,382,8,9,50,29,28,16,14,3,29,72,83,46.5,N/a,N/a,
Bilal El Khannouss,ma MAR,Leicester City,MF,20-349,28,23,"1,838",2,2,4,0,0.8,3.1,61,112,71,0.1,0.1,0.04,0.15,N/a,N/a,N/a,N/a,27.3,0.29,0.09,22.6,685,75.2,3447,86.0,80.7,56.6,29,78,25,5,112,56,2.75,4,0.2,45,25,25,11,18,4,14,6,1082,16,154,560,380,27,46,58.7,37.0,618,1741,38,9,33,32,27,9,0,74,81,19,18,51.4,N/a,N/a,
Boubacar Kamara,fr FRA,Aston Villa,MF,25-152,22,16,"1,373",0,0,2,0,0.4,0.9,16,72,5,0.0,0.0,0.02,0.06,N/a,N/a,N/a,N/a,14.3,0.07,0.0,21.1,674,89.2,3373,93.5,91.4,53.1,10,77,8,0,72,24,1.57,2,0.13,46,19,51,25,17,7,10,16,911,88,288,520,109,8,22,36.4,31.8,467,1082,11,1,9,11,23,26,0,1,67,16,21,43.2,N/a,N/a,
Boubakary Soumaré,fr FRA,Leicester City,MF,26-056,26,22,"1,908",0,0,8,0,0.3,0.4,31,93,21,0.0,0.0,0.01,0.02,N/a,N/a,N/a,N/a,0.0,0.0,0.0,23.4,964,86.7,3923,91.9,87.6,69.8,11,90,13,2,93,34,1.6,3,0.14,32,17,30,12,15,6,9,24,1293,60,339,817,150,17,42,61.9,28.6,772,1851,16,3,20,21,20,20,0,8,128,19,9,67.9,N/a,N/a,
Brennan Johnson,wls WAL,Tottenham,FW,23-336,30,22,"1,993",11,3,5,0,9.8,2.3,57,68,192,0.5,0.14,0.44,0.1,N/a,N/a,N/a,N/a,37.7,0.9,0.21,11.4,433,71.6,1559,81.1,75.3,37.9,19,25,34,6,68,46,2.08,7,0.32,39,26,31,15,22,3,19,4,807,16,88,272,459,120,42,45.2,47.6,519,1394,20,32,24,16,25,24,9,51,58,7,20,25.9,N/a,N/a,
Bruno Fernandes,pt POR,Manchester Utd,MF,30-228,32,31,"2,668",8,9,4,2,9.4,6.8,62,264,114,0.27,0.3,0.32,0.23,N/a,N/a,N/a,N/a,30.0,0.81,0.06,21.7,1462,75.2,9009,86.7,80.2,52.9,77,171,63,9,264,157,5.3,12,0.4,73,44,75,46,30,4,26,25,2297,59,385,1086,848,70,64,42.2,48.4,1331,3256,58,11,35,37,26,37,2,164,187,20,27,42.6,N/a,N/a,
Bruno Guimarães,br BRA,Newcastle Utd,MF,27-159,33,33,"2,822",4,6,6,0,3.5,5.6,49,227,75,0.13,0.19,0.11,0.18,N/a,N/a,N/a,N/a,25.7,0.29,0.11,16.6,1251,82.1,6766,90.4,87.2,57.6,43,150,60,5,227,106,3.38,17,0.54,70,41,61,32,32,9,23,27,1885,71,392,985,529,60,68,45.6,30.9,1226,2947,38,9,50,72,53,98,2,21,156,16,15,51.6,N/a,N/a,
Bryan Mbeumo,cm CMR,Brentford,FW,25-260,33,33,"2,964",18,6,2,0,10.6,7.8,110,125,300,0.55,0.18,0.32,0.24,N/a,N/a,N/a,N/a,45.5,0.91,0.2,17.7,763,67.3,3786,79.7,72.8,38.1,63,52,55,16,125,129,3.92,17,0.52,41,26,29,12,21,3,18,14,1523,47,216,483,851,137,93,45.2,41.9,924,3035,61,64,87,38,22,40,11,171,137,31,68,31.3,N/a,N/a,
Bukayo Saka,eng ENG,Arsenal,"FW,MF",23-231,21,17,"1,454",6,10,3,0,5.9,6.7,79,61,222,0.37,0.62,0.37,0.42,N/a,N/a,N/a,N/a,35.2,1.18,0.09,15.9,470,75.1,2140,90.0,72.4,48.2,49,13,32,10,61,100,6.19,22,1.36,23,13,20,10,18,0,18,2,840,6,46,180,621,139,83,44.6,41.0,535,2067,27,43,28,37,13,35,5,109,61,8,19,29.6,N/a,N/a,
Caleb Okoli,it ITA,Leicester City,DF,23-285,18,12,"1,124",1,0,4,0,0.6,0.0,3,32,2,0.08,0.0,0.05,0.0,N/a,N/a,N/a,N/a,50.0,0.16,0.25,13.5,558,86.4,3849,91.3,91.0,55.4,0,21,1,0,32,4,0.32,0,0.0,25,14,18,7,24,14,10,15,804,152,450,324,35,10,0,,,467,1106,6,0,10,2,16,9,0,1,44,23,21,52.3,N/a,N/a,
Callum Hudson-Odoi,eng ENG,Nott'ham Forest,"FW,MF",24-168,28,24,"2,107",5,2,2,0,2.5,2.7,126,66,186,0.21,0.09,0.11,0.11,N/a,N/a,N/a,N/a,45.9,0.73,0.14,18.3,660,82.1,1957,92.0,81.9,50.0,44,35,30,10,66,94,4.02,11,0.47,20,14,16,5,11,0,11,13,988,14,107,316,590,72,62,58.1,29.0,617,3301,61,45,44,23,12,21,8,74,90,3,10,23.1,N/a,N/a,
Calvin Bassey,ng NGA,Fulham,DF,25-114,31,30,"2,714",1,0,6,0,1.0,0.1,25,95,12,0.03,0.0,0.03,0.0,N/a,N/a,N/a,N/a,30.8,0.13,0.08,15.0,1682,89.4,10289,94.8,93.9,60.4,2,123,2,0,95,19,0.63,2,0.07,51,32,28,8,37,17,20,18,2154,293,1069,999,108,16,28,46.4,32.1,1382,3839,15,4,30,8,22,30,2,5,148,38,30,55.9,N/a,N/a,
Cameron Archer,eng ENG,Southampton,FW,23-277,30,13,"1,336",2,0,0,0,5.1,0.4,19,14,62,0.13,0.0,0.34,0.02,N/a,N/a,N/a,N/a,33.3,0.61,0.07,13.1,184,81.4,337,86.0,91.1,55.6,3,6,7,0,14,17,1.15,0,0.0,11,7,9,7,5,1,4,2,350,15,56,157,140,48,30,46.7,50.0,203,499,9,14,32,24,16,12,7,3,33,8,27,22.9,N/a,N/a,
Cameron Burgess,au AUS,Ipswich Town,DF,29-185,15,13,"1,271",0,1,0,0,0.7,0.5,2,38,4,0.0,0.07,0.05,0.04,N/a,N/a,N/a,N/a,11.1,0.07,0.0,9.7,524,80.9,4531,90.5,86.9,49.1,6,39,4,0,38,12,0.85,2,0.14,12,8,9,2,18,13,5,13,814,186,484,287,44,21,0,,,384,922,4,0,2,0,4,4,1,0,35,38,19,66.7,N/a,N/a,
Carlos Baleba,cm CMR,Brighton,MF,21-111,29,26,"2,223",2,1,8,1,3.0,1.3,39,108,26,0.08,0.04,0.12,0.05,N/a,N/a,N/a,N/a,25.6,0.4,0.05,24.9,955,87.5,4144,92.9,91.2,63.8,20,101,22,2,108,60,2.43,4,0.16,67,37,69,27,42,9,33,39,1423,67,330,846,285,10,51,58.8,35.3,805,2449,39,2,34,33,37,42,0,8,163,37,21,63.8,N/a,N/a,
Carlos Soler,es ESP,West Ham,"MF,FW",28-112,28,14,"1,347",1,1,5,0,1.7,1.2,16,52,33,0.07,0.07,0.11,0.08,N/a,N/a,N/a,N/a,29.2,0.47,0.04,19.1,530,85.1,2216,94.4,85.7,53.7,14,41,11,0,52,46,3.08,2,0.13,13,10,22,16,19,6,13,8,738,26,172,384,187,22,18,44.4,50.0,338,714,16,4,11,14,24,17,0,31,63,9,11,45.0,N/a,N/a,
Casemiro,br BRA,Manchester Utd,MF,33-060,21,15,"1,271",1,0,3,0,1.5,2.2,4,65,26,0.07,0.0,0.1,0.16,N/a,N/a,N/a,N/a,29.6,0.57,0.04,19.3,637,78.7,3279,86.3,83.9,60.9,19,64,19,6,65,48,3.4,3,0.21,74,43,64,25,33,10,23,12,1039,67,309,523,215,37,6,50.0,50.0,546,775,10,0,10,10,15,18,3,19,82,28,17,62.2,N/a,N/a,
Chris Richards,us USA,Crystal Palace,DF,25-027,20,18,"1,562",1,0,4,1,1.2,0.1,5,34,1,0.06,0.0,0.07,0.01,N/a,N/a,N/a,N/a,50.0,0.29,0.1,11.8,583,81.1,3673,89.2,90.3,44.2,2,20,0,0,34,7,0.4,2,0.12,42,27,38,15,35,13,22,10,935,111,513,371,56,15,6,16.7,83.3,433,850,5,0,5,5,11,4,1,1,48,33,35,48.5,N/a,N/a,
Chris Wood,nz NZL,Nott'ham Forest,FW,33-138,31,30,"2,509",19,3,1,0,11.1,2.3,13,34,74,0.68,0.11,0.4,0.08,N/a,N/a,N/a,N/a,58.8,1.08,0.31,14.5,270,66.2,803,71.1,66.4,68.4,17,14,8,1,34,39,1.4,5,0.18,4,4,8,7,11,7,4,5,637,32,76,307,256,79,11,36.4,54.5,316,430,9,5,63,23,22,20,24,1,40,80,117,40.6,N/a,N/a,
Christian Eriksen,dk DEN,Manchester Utd,MF,33-069,19,11,993,0,1,4,0,0.3,2.6,10,49,28,0.0,0.09,0.02,0.24,N/a,N/a,N/a,N/a,12.5,0.09,0.0,26.2,543,79.5,2809,92.2,80.0,49.1,22,53,8,2,49,43,3.89,6,0.54,19,9,24,13,13,4,9,7,771,24,160,375,240,12,3,0.0,100.0,421,662,10,0,11,5,8,3,0,74,59,2,5,28.6,N/a,N/a,
Christian Nørgaard,dk DEN,Brentford,MF,31-045,29,29,"2,369",5,2,5,1,3.6,0.8,12,122,34,0.19,0.08,0.14,0.03,N/a,N/a,N/a,N/a,33.3,0.42,0.15,14.9,985,81.7,5403,87.1,86.1,58.5,15,119,22,3,122,47,1.79,9,0.34,72,44,67,25,47,18,29,42,1526,153,530,723,288,50,12,50.0,33.3,703,1147,12,4,28,18,37,26,1,13,173,40,29,58.0,N/a,N/a,
Christopher Nkunku,fr FRA,Chelsea,FW,27-161,27,9,921,3,2,2,0,4.8,2.1,17,25,68,0.29,0.2,0.47,0.21,N/a,N/a,N/a,N/a,44.0,1.07,0.12,12.6,299,89.5,760,91.6,92.2,100.0,14,26,7,0,25,34,3.32,4,0.39,12,8,8,2,9,2,7,7,448,10,52,183,217,52,27,37.0,51.9,280,628,16,13,18,17,16,11,3,4,29,16,22,42.1,N/a,N/a,
Cody Gakpo,nl NED,Liverpool,FW,25-352,30,18,"1,560",8,3,4,0,6.2,3.5,45,49,237,0.46,0.17,0.36,0.2,N/a,N/a,N/a,N/a,40.4,1.1,0.17,15.2,403,76.6,1483,87.1,67.6,57.1,32,22,26,8,49,65,3.75,6,0.35,24,12,23,12,18,2,16,9,728,20,67,208,467,83,47,57.4,31.9,489,1711,27,18,37,18,16,20,5,61,58,15,21,41.7,N/a,N/a,
Cole Palmer,eng ENG,Chelsea,MF,22-353,32,31,"2,742",14,8,6,0,15.8,9.2,101,191,161,0.46,0.26,0.52,0.3,N/a,N/a,N/a,N/a,36.0,1.31,0.1,20.3,987,76.7,4886,85.8,84.7,59.2,76,141,58,15,191,177,5.81,14,0.46,24,15,21,13,14,1,13,8,1606,20,127,709,791,125,100,44.0,41.0,1014,3231,66,35,58,32,12,55,6,130,91,1,7,12.5,N/a,N/a,
Conor Coady,eng ENG,Leicester City,DF,32-058,17,14,"1,264",0,0,2,0,0.0,0.1,2,26,0,0.0,0.0,0.0,0.0,N/a,N/a,N/a,N/a,,0.0,,,710,90.4,4589,96.8,96.8,51.9,1,29,2,0,26,4,0.28,0,0.0,11,8,4,2,24,18,6,11,893,176,490,388,16,5,2,50.0,50.0,593,1288,2,1,4,2,5,2,1,0,44,12,16,42.9,N/a,N/a,
Craig Dawson,eng ENG,Wolves,DF,34-353,15,10,971,0,0,2,0,0.5,0.0,6,20,5,0.0,0.0,0.05,0.0,N/a,N/a,N/a,N/a,20.0,0.09,0.0,8.5,484,86.6,3180,92.5,93.0,60.0,2,22,1,0,20,7,0.65,2,0.19,15,3,15,3,16,11,5,9,671,130,396,249,28,14,5,20.0,40.0,390,938,1,0,2,0,6,5,2,0,35,21,11,65.6,N/a,N/a,
Cristian Romero,ar ARG,Tottenham,DF,26-362,18,18,"1,416",1,0,3,0,1.6,0.6,12,71,3,0.06,0.0,0.1,0.04,N/a,N/a,N/a,N/a,50.0,0.51,0.06,9.1,1094,89.5,8197,91.4,94.7,63.5,7,109,8,1,71,20,1.27,4,0.25,35,29,30,9,18,3,15,21,1377,157,594,720,74,23,4,25.0,50.0,896,2893,18,0,10,5,14,12,2,3,90,41,27,60.3,N/a,N/a,
Curtis Jones,eng ENG,Liverpool,"MF,DF",24-084,28,16,"1,415",3,3,3,1,4.1,1.0,21,83,67,0.19,0.19,0.26,0.06,N/a,N/a,N/a,N/a,41.4,0.76,0.1,15.6,800,93.2,2335,96.8,93.0,73.7,19,58,16,0,83,40,2.54,7,0.45,33,17,22,8,15,7,8,5,1014,26,155,536,329,50,16,62.5,31.3,612,1318,14,5,22,29,15,21,1,6,75,13,12,52.0,N/a,N/a,
Daichi Kamada,jp JPN,Crystal Palace,MF,28-262,30,13,"1,338",0,0,3,1,1.0,1.8,23,73,52,0.0,0.0,0.07,0.12,N/a,N/a,N/a,N/a,23.5,0.27,0.0,19.4,507,79.3,2118,87.9,81.9,54.2,19,39,13,2,73,46,3.09,3,0.2,43,25,37,25,19,4,15,16,800,18,171,417,217,28,13,30.8,53.8,400,937,17,4,13,18,25,17,2,27,67,3,12,20.0,N/a,N/a,
Dan Burn,eng ENG,Newcastle Utd,DF,32-350,32,32,"2,880",0,0,9,0,1.3,0.8,9,54,9,0.0,0.0,0.04,0.02,N/a,N/a,N/a,N/a,21.1,0.12,0.0,10.4,1524,89.2,9632,91.1,94.7,61.6,7,30,7,0,54,19,0.59,3,0.09,32,18,31,15,31,22,9,25,2037,326,1158,788,96,44,4,75.0,25.0,1164,2312,4,1,21,3,27,11,4,2,87,122,61,66.7,N/a,N/a,
Dango Ouattara,bf BFA,Bournemouth,FW,23-072,30,19,"1,843",7,4,2,0,8.2,5.2,73,41,184,0.34,0.2,0.4,0.25,N/a,N/a,N/a,N/a,33.9,0.98,0.12,13.4,339,59.8,1561,72.4,62.2,39.1,31,20,23,9,41,65,3.18,6,0.29,31,23,38,22,33,8,25,8,885,55,148,285,470,123,74,48.6,43.2,454,1611,32,37,55,30,15,17,13,80,83,41,57,41.8,N/a,N/a,
Daniel Muñoz,co COL,Crystal Palace,DF,28-333,33,33,"2,868",4,4,9,0,4.6,4.2,49,83,184,0.13,0.13,0.14,0.13,N/a,N/a,N/a,N/a,37.5,0.38,0.13,12.3,1006,75.7,4481,85.6,76.8,44.9,39,53,31,13,83,74,2.32,9,0.28,108,69,86,37,35,3,32,38,1787,107,507,743,556,89,50,38.0,58.0,695,1464,32,15,50,18,47,19,13,60,149,56,73,43.4,N/a,N/a,
Danny Welbeck,eng ENG,Brighton,FW,34-149,26,20,"1,762",9,4,4,0,8.0,1.1,18,39,77,0.46,0.2,0.41,0.05,N/a,N/a,N/a,N/a,38.5,1.02,0.17,15.1,332,83.6,762,85.8,87.2,100.0,17,14,12,0,39,41,2.09,6,0.31,22,13,17,11,15,1,14,5,597,13,45,256,300,86,35,34.3,57.1,356,716,20,6,42,23,10,20,2,3,35,15,23,39.5,N/a,N/a,
Dara O'Shea,ie IRL,Ipswich Town,DF,26-051,30,30,"2,672",0,2,6,0,1.1,0.5,3,70,6,0.0,0.07,0.04,0.02,N/a,N/a,N/a,N/a,10.5,0.07,0.0,13.7,1079,77.7,9433,86.4,85.1,50.4,3,81,3,1,70,20,0.67,3,0.1,41,25,28,11,57,45,12,31,1772,350,1025,642,110,46,2,50.0,50.0,795,1713,2,0,11,4,15,21,3,5,98,97,73,57.1,N/a,N/a,
Darwin Núñez,uy URU,Liverpool,FW,25-304,25,8,"1,010",5,2,8,0,5.0,1.2,20,25,67,0.45,0.18,0.44,0.11,N/a,N/a,N/a,N/a,38.7,1.07,0.16,14.3,144,70.2,526,80.4,72.9,66.7,9,9,2,0,25,24,2.13,4,0.36,18,15,15,10,6,0,6,3,326,10,43,110,183,60,21,38.1,57.1,175,492,16,10,21,17,26,14,11,2,37,15,29,34.1,N/a,N/a,
David Raya,es ESP,Arsenal,GK,29-221,34,34,"3,060",0,0,2,0,0.0,0.0,0,12,0,0.0,0.0,0.0,0.0,0.85,75.5,35.3,0.0,,0.0,,,946,74.8,15298,99.3,98.4,38.1,0,39,1,0,12,4,0.12,1,0.03,0,0,2,2,0,0,0,2,1322,772,1242,80,0,0,1,100.0,0.0,820,2470,0,0,1,0,1,8,0,0,38,10,0,100.0,N/a,N/a,
Dean Henderson,eng ENG,Crystal Palace,GK,28-043,34,34,"3,060",0,0,3,0,0.0,0.1,0,0,0,0.0,0.0,0.0,0.0,1.38,66.9,29.4,50.0,0.0,0.0,0.0,14.9,672,61.8,12212,99.4,99.4,31.4,2,20,1,0,0,3,0.09,0,0.0,2,1,6,4,0,0,0,0,1173,954,1169,3,1,1,0,,,674,1919,0,0,2,0,0,0,0,0,26,11,1,91.7,N/a,N/a,
Dean Huijsen,es ESP,Bournemouth,DF,20-010,27,22,"2,054",2,1,7,0,1.7,2.0,35,107,10,0.09,0.04,0.08,0.09,N/a,N/a,N/a,N/a,11.8,0.09,0.12,12.3,1120,84.0,9019,89.2,91.4,62.0,14,138,7,2,107,38,1.67,3,0.13,33,23,25,10,33,25,8,49,1672,217,764,799,118,29,5,40.0,60.0,910,3569,23,0,16,1,26,9,2,12,91,61,41,59.8,N/a,N/a,
Declan Rice,eng ENG,Arsenal,MF,26-100,32,30,"2,572",2,7,7,1,2.7,6.4,87,175,88,0.07,0.24,0.09,0.23,N/a,N/a,N/a,N/a,24.4,0.35,0.05,19.7,1285,83.7,5804,92.6,90.3,49.3,55,123,34,5,175,102,3.57,9,0.31,49,22,37,21,23,11,12,24,1806,71,294,846,683,74,26,42.3,53.8,960,3225,54,16,36,29,19,15,1,154,139,30,23,56.6,N/a,N/a,
Dejan Kulusevski,se SWE,Tottenham,"MF,FW",24-364,29,25,"2,236",7,4,3,0,4.2,6.1,117,121,207,0.28,0.16,0.17,0.25,N/a,N/a,N/a,N/a,37.8,0.68,0.16,14.6,639,74.0,2858,86.1,78.3,40.3,64,61,52,6,121,125,5.03,9,0.36,41,23,48,30,26,3,23,12,1218,21,136,408,698,153,109,33.0,59.6,795,3149,66,38,73,72,41,33,5,88,112,10,14,41.7,N/a,N/a,
Destiny Udogie,it ITA,Tottenham,DF,22-147,23,22,"1,744",0,1,2,0,0.3,1.4,51,117,92,0.0,0.05,0.02,0.07,N/a,N/a,N/a,N/a,20.0,0.05,0.0,15.1,915,87.5,4433,91.2,90.6,81.5,15,86,6,1,117,33,1.7,3,0.15,71,44,45,13,37,5,32,19,1287,57,353,572,376,48,30,40.0,50.0,714,2187,38,11,31,19,29,36,2,19,103,13,13,50.0,N/a,N/a,
Diogo Dalot,pt POR,Manchester Utd,DF,26-037,32,31,"2,788",0,3,5,0,2.0,2.0,62,102,164,0.0,0.1,0.06,0.07,N/a,N/a,N/a,N/a,21.7,0.16,0.0,15.6,1336,80.5,6609,89.9,81.9,55.4,26,61,25,8,102,74,2.39,5,0.16,67,39,52,18,22,9,13,37,1965,113,658,767,557,66,53,50.9,41.5,1111,2684,37,16,37,21,40,9,4,65,164,38,21,64.4,N/a,N/a,
Diogo Jota,pt POR,Liverpool,FW,28-141,22,13,"1,074",6,3,2,0,7.3,1.8,36,33,85,0.5,0.25,0.61,0.15,N/a,N/a,N/a,N/a,28.9,1.09,0.13,12.4,193,68.7,698,75.5,73.3,57.9,11,28,3,1,33,35,2.94,9,0.75,13,7,19,12,9,0,9,6,436,5,28,180,235,88,30,36.7,60.0,240,753,21,20,36,21,18,12,1,8,38,21,28,42.9,N/a,N/a,
Djed Spence,eng ENG,Tottenham,DF,24-258,20,15,"1,424",1,2,4,1,0.5,1.7,52,94,67,0.06,0.13,0.03,0.11,N/a,N/a,N/a,N/a,33.3,0.19,0.11,22.3,850,86.8,3586,94.0,87.3,57.7,10,72,16,7,94,25,1.58,4,0.25,38,29,25,6,22,9,13,17,1186,63,395,542,268,24,66,51.5,37.9,687,2244,39,7,24,24,18,23,2,22,84,17,12,58.6,N/a,N/a,
Dominic Calvert-Lewin,eng ENG,Everton,FW,28-039,22,19,"1,574",3,1,2,0,6.1,0.6,22,19,105,0.17,0.06,0.35,0.04,N/a,N/a,N/a,N/a,37.0,0.97,0.07,12.3,174,62.6,488,70.0,58.3,37.5,7,19,5,1,19,25,1.43,4,0.23,9,7,6,4,6,2,4,6,491,21,38,204,254,82,25,40.0,52.0,268,444,8,16,71,32,27,22,27,6,32,83,79,51.2,N/a,N/a,
Dominic Solanke,eng ENG,Tottenham,FW,27-222,24,23,"2,052",7,3,0,0,9.9,2.9,29,45,87,0.31,0.13,0.43,0.13,N/a,N/a,N/a,N/a,39.3,0.96,0.13,12.2,248,71.9,913,76.6,77.1,66.7,14,27,9,0,45,37,1.62,8,0.35,18,11,12,8,17,7,10,0,623,31,67,285,277,108,50,32.0,62.0,369,797,20,14,65,45,36,36,5,4,37,41,55,42.7,N/a,N/a,
Dominik Szoboszlai,hu HUN,Liverpool,MF,24-181,31,25,"2,190",5,3,6,0,6.9,5.1,64,110,118,0.21,0.12,0.28,0.21,N/a,N/a,N/a,N/a,31.7,0.78,0.08,18.6,996,84.6,3055,89.1,88.1,72.3,43,74,31,5,110,99,4.07,12,0.49,30,20,37,22,34,4,30,9,1408,23,180,684,562,92,35,54.3,37.1,721,2030,45,17,34,20,35,21,4,33,117,18,22,45.0,N/a,N/a,
Dwight McNeil,eng ENG,Everton,"MF,FW",25-153,16,13,"1,157",3,4,1,0,0.9,3.8,32,61,66,0.23,0.31,0.07,0.29,N/a,N/a,N/a,N/a,34.8,0.62,0.13,22.0,378,73.1,2484,85.9,81.4,53.8,33,33,33,10,61,61,4.75,7,0.54,11,6,19,11,7,0,7,5,625,3,64,269,307,19,38,55.3,42.1,362,957,29,4,22,25,6,13,1,91,64,3,14,17.6,N/a,N/a,
Eberechi Eze,eng ENG,Crystal Palace,"MF,FW",26-299,30,28,"2,337",4,8,1,0,8.1,5.3,66,85,141,0.15,0.31,0.31,0.2,N/a,N/a,N/a,N/a,25.8,0.92,0.04,21.5,707,74.6,3088,85.3,83.4,43.2,53,46,32,3,85,119,4.58,9,0.35,37,22,35,18,26,0,26,11,1289,15,172,611,537,86,125,48.8,45.6,771,2196,43,21,52,44,11,46,9,100,128,6,36,14.3,N/a,N/a,
Ederson,br BRA,Manchester City,GK,31-250,22,22,"1,960",0,4,3,0,0.0,1.5,0,1,0,0.0,0.18,0.0,0.07,1.15,68.5,31.8,0.0,,0.0,,,693,88.1,11243,100.0,98.3,65.7,4,20,1,0,1,6,0.28,4,0.18,0,0,2,2,0,0,0,1,833,587,824,9,0,0,0,,,563,1671,0,0,1,0,1,0,0,0,37,4,1,80.0,N/a,N/a,
Edson Álvarez,mx MEX,West Ham,MF,27-182,25,19,"1,633",0,1,8,1,0.3,0.8,21,75,18,0.0,0.06,0.02,0.04,N/a,N/a,N/a,N/a,9.1,0.06,0.0,26.7,763,85.7,3657,88.8,89.7,73.5,11,80,11,3,75,25,1.38,2,0.11,44,23,33,18,21,8,13,16,1101,61,323,612,174,12,31,45.2,38.7,603,1528,20,2,25,13,37,18,4,6,78,28,20,58.3,N/a,N/a,
Elliot Anderson,eng ENG,Nott'ham Forest,MF,22-169,32,28,"2,317",2,6,6,0,1.7,3.1,37,115,78,0.08,0.23,0.06,0.12,N/a,N/a,N/a,N/a,17.6,0.23,0.06,19.9,863,77.8,4717,89.1,80.1,47.0,34,90,17,2,115,75,2.91,10,0.39,78,50,93,51,41,8,33,26,1480,88,354,694,460,55,68,50.0,38.2,740,1868,27,15,52,36,37,54,4,70,177,42,21,66.7,N/a,N/a,
Emerson Palmieri,it ITA,West Ham,DF,30-264,28,24,"1,930",2,1,5,0,2.0,1.5,42,60,75,0.09,0.05,0.09,0.07,N/a,N/a,N/a,N/a,43.8,0.33,0.13,19.0,791,79.7,4312,89.7,80.3,43.3,16,45,13,5,60,41,1.91,2,0.09,55,29,41,18,30,7,23,19,1222,75,393,516,328,25,30,33.3,56.7,504,1601,22,8,22,7,22,13,0,61,82,15,18,45.5,N/a,N/a,
Emile Smith Rowe,eng ENG,Fulham,MF,24-270,29,23,"1,827",5,2,2,0,4.1,1.1,50,116,109,0.25,0.1,0.2,0.05,N/a,N/a,N/a,N/a,25.0,0.39,0.16,15.4,819,90.0,2274,92.2,95.3,69.2,18,73,15,1,116,63,3.1,11,0.54,30,17,24,16,20,2,18,10,1090,20,149,518,433,52,33,48.5,45.5,710,1819,38,11,31,13,17,12,4,13,64,6,16,27.3,N/a,N/a,
Emiliano Martínez,ar ARG,Aston Villa,GK,32-234,33,33,"2,880",0,0,4,0,0.0,0.5,0,3,0,0.0,0.0,0.0,0.02,1.41,65.9,15.2,50.0,,0.0,,,986,79.0,15650,97.8,98.1,49.9,2,21,0,0,3,6,0.19,1,0.03,3,3,2,0,1,0,1,0,1307,990,1292,15,0,0,1,100.0,0.0,794,2586,0,0,1,0,1,5,0,0,28,8,1,88.9,N/a,N/a,
Emmanuel Agbadou,ci CIV,Wolves,DF,27-311,11,11,960,0,0,2,0,0.3,0.1,2,20,0,0.0,0.0,0.03,0.01,N/a,N/a,N/a,N/a,20.0,0.09,0.0,24.6,509,83.6,3762,90.7,91.6,59.5,2,21,1,0,20,12,1.13,2,0.19,22,15,15,6,14,10,4,9,734,118,400,321,19,3,10,70.0,20.0,441,931,3,0,3,3,5,4,1,1,55,20,14,58.8,N/a,N/a,
Enzo Fernández,ar ARG,Chelsea,MF,24-097,31,27,"2,500",5,6,7,0,5.3,6.0,56,193,107,0.18,0.22,0.19,0.22,N/a,N/a,N/a,N/a,37.5,0.65,0.1,18.4,1360,80.1,6848,88.9,84.9,58.7,69,151,39,7,193,135,4.86,15,0.54,59,29,74,47,32,5,27,11,1963,32,300,997,679,73,43,48.8,34.9,1074,2489,52,8,26,26,45,44,1,100,134,13,27,32.5,N/a,N/a,
Erling Haaland,no NOR,Manchester City,FW,24-277,28,28,"2,480",21,3,2,0,20.8,2.8,19,18,103,0.76,0.11,0.76,0.1,N/a,N/a,N/a,N/a,54.5,1.96,0.19,12.2,225,66.0,532,70.6,66.7,66.7,26,9,7,1,18,62,2.25,9,0.33,9,5,6,4,11,1,10,5,578,22,39,200,344,170,32,34.4,59.4,272,478,14,19,39,25,22,12,4,3,29,49,45,52.1,N/a,N/a,
Ethan Pinnock,jm JAM,Brentford,DF,31-330,22,21,"1,913",2,0,2,0,1.1,1.2,3,41,9,0.09,0.0,0.05,0.05,N/a,N/a,N/a,N/a,60.0,0.28,0.2,11.1,924,85.6,6094,94.2,89.4,57.9,8,48,4,1,41,21,0.99,0,0.0,35,19,24,11,29,18,11,24,1348,294,783,457,109,24,9,33.3,66.7,633,1633,4,0,2,4,8,4,0,9,50,63,43,59.4,N/a,N/a,
Evanilson,br BRA,Bournemouth,FW,25-200,26,23,"1,903",9,0,0,0,11.0,1.5,25,19,86,0.43,0.0,0.52,0.07,N/a,N/a,N/a,N/a,45.2,1.32,0.15,12.9,190,68.8,495,73.5,71.4,69.2,22,14,2,0,19,55,2.6,7,0.33,14,9,10,4,10,2,8,0,462,22,47,172,246,112,19,31.6,36.8,267,695,14,14,30,21,28,40,16,0,55,38,55,40.9,N/a,N/a,
Ezri Konsa,eng ENG,Aston Villa,DF,27-183,30,29,"2,576",1,0,0,0,0.9,0.4,16,73,11,0.03,0.0,0.03,0.01,N/a,N/a,N/a,N/a,33.3,0.1,0.11,9.1,1372,92.7,7566,96.3,95.7,65.0,5,93,1,0,73,23,0.8,3,0.1,32,17,22,4,17,9,8,21,1693,213,795,807,99,20,17,41.2,41.2,986,2465,11,2,16,9,6,42,0,5,86,27,21,56.3,N/a,N/a,
Fabian Schär,ch SUI,Newcastle Utd,DF,33-125,29,28,"2,493",4,0,7,1,2.1,0.4,14,87,17,0.14,0.0,0.08,0.01,N/a,N/a,N/a,N/a,35.7,0.36,0.14,21.6,1391,83.3,10793,92.4,92.5,50.9,5,124,10,0,87,27,0.97,3,0.11,30,19,31,19,35,23,12,40,1952,233,1038,809,116,30,12,66.7,16.7,1231,3109,21,2,11,6,31,12,4,9,121,36,59,37.9,N/a,N/a,
Facundo Buonanotte,ar ARG,Leicester City,"FW,MF",20-122,28,13,"1,429",4,2,7,0,3.7,3.1,38,51,66,0.25,0.13,0.23,0.19,N/a,N/a,N/a,N/a,30.3,0.63,0.12,17.9,420,76.6,1689,85.8,81.5,48.6,24,39,13,2,51,49,3.09,4,0.25,49,28,65,45,32,6,26,10,826,25,120,424,295,34,75,33.3,61.3,452,1289,26,8,52,38,33,32,3,41,75,16,33,32.7,N/a,N/a,
Flynn Downes,eng ENG,Southampton,MF,26-094,22,20,"1,701",1,0,10,0,0.6,0.9,23,56,28,0.05,0.0,0.03,0.05,N/a,N/a,N/a,N/a,30.0,0.16,0.1,18.7,821,90.0,2432,92.9,92.4,67.4,14,50,10,0,56,28,1.48,2,0.11,41,22,31,18,21,5,16,30,1094,74,326,583,194,20,14,35.7,50.0,524,1519,20,4,12,17,44,31,0,3,69,11,12,47.8,N/a,N/a,
Gabriel Magalhães,br BRA,Arsenal,DF,27-126,28,28,"2,363",3,1,4,0,2.6,0.9,10,126,11,0.11,0.04,0.1,0.03,N/a,N/a,N/a,N/a,22.7,0.19,0.14,9.5,1480,90.2,7938,96.9,94.2,53.9,13,145,8,0,126,35,1.33,6,0.23,25,15,16,4,42,29,13,16,1873,189,672,985,225,40,5,80.0,20.0,1116,2669,22,0,9,2,19,19,0,9,63,53,37,58.9,N/a,N/a,
Gabriel Martinelli,br BRA,Arsenal,"FW,MF",23-310,29,21,"1,956",7,4,1,0,5.8,4.5,107,44,259,0.32,0.18,0.27,0.21,N/a,N/a,N/a,N/a,42.2,0.87,0.16,13.0,429,71.0,1342,83.1,69.2,51.1,34,10,30,13,44,61,2.81,6,0.28,19,14,22,16,10,0,10,4,860,15,83,218,571,162,103,29.1,55.3,576,2279,29,55,48,33,14,19,8,80,70,14,29,32.6,N/a,N/a,
Georginio Rutter,fr FRA,Brighton,"MF,FW",23-004,28,19,"1,656",5,3,2,0,4.6,2.5,42,67,79,0.27,0.16,0.25,0.14,N/a,N/a,N/a,N/a,24.0,0.65,0.1,15.5,237,66.8,1174,77.0,66.7,62.5,19,30,16,1,67,64,3.47,8,0.43,39,15,36,22,20,3,17,10,641,20,83,246,326,79,71,38.0,47.9,361,1405,36,16,45,37,34,45,7,9,66,25,46,35.2,N/a,N/a,
Guglielmo Vicario,it ITA,Tottenham,GK,28-199,21,21,"1,890",0,0,1,0,0.0,0.0,0,1,0,0.0,0.0,0.0,0.0,1.29,68.6,19.0,,,0.0,,,681,90.0,7613,99.1,97.5,53.0,0,1,0,0,1,3,0.14,0,0.0,0,0,0,0,0,0,0,1,805,535,787,18,0,0,1,100.0,0.0,577,1533,0,0,0,0,0,1,0,0,30,9,0,100.0,N/a,N/a,
Guido Rodríguez,ar ARG,West Ham,MF,31-012,20,14,"1,018",0,0,5,0,0.2,0.1,2,31,5,0.0,0.0,0.02,0.01,N/a,N/a,N/a,N/a,12.5,0.09,0.0,27.8,419,84.1,2000,87.4,91.4,62.7,3,36,1,0,31,10,0.88,0,0.0,30,16,30,16,21,9,12,12,617,42,196,366,56,2,3,66.7,0.0,284,392,5,0,2,6,15,11,1,4,46,8,7,53.3,N/a,N/a,
Harry Maguire,eng ENG,Manchester Utd,DF,32-050,22,16,"1,418",1,0,7,0,1.4,0.3,6,42,5,0.06,0.0,0.09,0.02,N/a,N/a,N/a,N/a,36.4,0.25,0.09,8.1,788,86.3,4900,91.6,91.1,57.8,6,39,3,0,42,15,0.95,0,0.0,26,13,17,4,14,12,2,36,1085,133,541,497,60,35,5,40.0,60.0,640,1629,6,3,6,2,16,6,1,2,53,51,21,70.8,N/a,N/a,
Harry Winks,eng ENG,Leicester City,MF,29-081,22,17,"1,538",0,2,4,0,0.2,1.2,19,101,11,0.0,0.12,0.01,0.07,N/a,N/a,N/a,N/a,40.0,0.23,0.0,29.2,910,87.1,5048,92.2,91.2,57.9,17,110,7,5,101,39,2.28,3,0.18,24,11,30,17,19,7,12,9,1158,49,275,746,151,1,12,25.0,66.7,696,1522,13,0,13,8,9,13,0,34,106,8,6,57.1,N/a,N/a,
Harvey Barnes,eng ENG,Newcastle Utd,FW,27-136,28,12,"1,337",9,4,0,0,6.2,3.4,68,63,143,0.61,0.27,0.41,0.23,N/a,N/a,N/a,N/a,33.3,1.08,0.19,14.1,363,78.9,1517,86.6,75.0,64.7,19,19,33,8,63,48,3.22,9,0.6,16,9,7,4,7,1,6,6,619,15,82,211,331,91,53,37.7,49.1,430,1852,37,38,22,17,10,18,4,32,44,5,13,27.8,N/a,N/a,
Ibrahima Konaté,fr FRA,Liverpool,DF,25-334,27,26,"2,230",1,2,5,0,1.6,1.0,21,102,2,0.04,0.08,0.07,0.04,N/a,N/a,N/a,N/a,17.6,0.12,0.06,10.4,1513,90.5,9647,93.7,95.1,57.0,10,122,8,0,102,28,1.13,7,0.28,36,25,34,10,27,15,12,11,1917,207,818,999,106,21,4,50.0,25.0,1137,3020,13,0,8,2,24,18,0,0,84,68,28,70.8,N/a,N/a,
Idrissa Gana Gueye,sn SEN,Everton,MF,35-210,32,30,"2,615",0,3,8,0,1.0,1.7,23,122,21,0.0,0.1,0.04,0.06,N/a,N/a,N/a,N/a,15.4,0.14,0.0,25.3,1030,86.6,4522,90.4,90.5,74.6,19,126,10,3,122,56,1.93,3,0.1,119,70,82,31,43,9,34,40,1522,66,371,859,300,19,35,48.6,45.7,707,1417,24,4,27,33,48,39,0,6,170,22,15,59.5,N/a,N/a,
Igor,br BRA,Brighton,DF,27-076,12,9,903,0,0,4,0,0.0,0.2,9,44,0,0.0,0.0,0.0,0.02,N/a,N/a,N/a,N/a,0.0,0.0,0.0,14.1,628,92.1,3723,96.5,95.2,71.4,1,35,2,1,44,11,1.1,0,0.0,4,4,10,6,23,14,9,4,764,109,377,353,38,1,4,75.0,25.0,497,1782,14,0,1,0,9,6,0,2,40,8,6,57.1,N/a,N/a,
Iliman Ndiaye,sn SEN,Everton,FW,25-049,28,25,"2,117",7,0,3,0,5.2,1.6,78,44,105,0.3,0.0,0.22,0.07,N/a,N/a,N/a,N/a,41.9,0.55,0.16,17.3,506,80.4,1585,85.8,85.6,69.4,17,34,14,5,44,58,2.47,5,0.21,47,25,44,25,24,4,20,17,941,32,194,387,408,74,132,46.2,47.0,543,2140,39,29,48,38,21,44,5,35,158,5,17,22.7,N/a,N/a,
Illia Zabarnyi,ua UKR,Bournemouth,DF,22-235,31,30,"2,662",0,0,3,1,1.0,0.6,24,123,4,0.0,0.0,0.03,0.02,N/a,N/a,N/a,N/a,0.0,0.0,0.0,8.8,1199,81.6,9497,90.7,90.8,53.2,11,129,6,0,123,28,0.95,0,0.0,46,32,43,13,32,19,13,34,1772,207,825,901,65,11,8,62.5,25.0,1106,4285,20,0,14,3,17,6,0,5,140,67,37,64.4,N/a,N/a,
Ismaila Sarr,sn SEN,Crystal Palace,"MF,FW",27-058,34,26,"2,392",7,4,4,0,8.5,7.0,67,76,164,0.26,0.15,0.32,0.26,N/a,N/a,N/a,N/a,50.0,0.9,0.15,13.3,438,66.6,1956,74.8,70.8,47.7,37,26,36,8,76,97,3.65,9,0.34,21,10,23,16,22,7,15,8,954,39,156,367,441,118,51,29.4,52.9,525,1853,42,26,61,41,12,49,11,50,99,31,46,40.3,N/a,N/a,
Issa Diop,fr FRA,Fulham,DF,28-105,21,15,"1,339",0,0,2,0,0.5,0.1,6,25,3,0.0,0.0,0.04,0.01,N/a,N/a,N/a,N/a,40.0,0.13,0.0,10.7,663,87.5,4179,92.5,92.9,52.9,3,43,1,0,25,6,0.4,0,0.0,26,12,18,5,10,7,3,9,903,125,498,381,26,13,2,50.0,50.0,533,1216,2,0,9,2,10,4,0,1,45,20,12,62.5,N/a,N/a,
İlkay Gündoğan,de GER,Manchester City,MF,34-182,30,22,"1,967",0,5,1,0,2.7,2.7,55,113,81,0.0,0.23,0.13,0.12,N/a,N/a,N/a,N/a,20.0,0.23,0.0,18.3,1374,89.3,3984,94.2,92.1,62.3,36,93,21,2,113,72,3.29,10,0.46,24,13,23,13,14,0,14,13,1707,43,254,825,648,56,35,45.7,37.1,1016,2735,52,9,25,23,14,21,0,57,104,13,11,54.2,N/a,N/a,
Jack Clarke,eng ENG,Ipswich Town,"FW,MF",24-152,27,10,994,0,4,2,0,1.0,2.0,29,32,47,0.0,0.36,0.09,0.18,N/a,N/a,N/a,N/a,14.3,0.18,0.0,19.4,253,76.7,1009,87.3,87.6,46.4,22,23,6,0,32,38,3.44,5,0.45,28,17,31,15,6,0,6,7,457,20,110,186,175,29,37,56.8,32.4,261,947,18,9,19,15,14,19,3,13,64,6,14,30.0,N/a,N/a,
Jack Harrison,eng ENG,Everton,FW,28-155,29,21,"1,825",1,0,0,0,3.3,3.7,60,43,114,0.05,0.0,0.16,0.18,N/a,N/a,N/a,N/a,22.2,0.3,0.04,16.3,363,63.5,2109,81.3,69.5,33.0,31,25,23,9,43,52,2.56,4,0.2,30,21,40,26,18,2,16,8,836,30,141,290,412,62,71,31.0,57.7,458,1382,29,14,47,36,13,25,4,112,63,4,26,13.3,N/a,N/a,
Jack Hinshelwood,eng ENG,Brighton,"DF,MF",20-013,21,19,"1,595",2,1,4,0,1.4,1.2,16,55,44,0.11,0.06,0.08,0.07,N/a,N/a,N/a,N/a,46.2,0.34,0.15,13.2,745,82.9,2759,91.4,83.7,52.1,12,29,8,2,55,30,1.69,2,0.11,25,18,24,14,7,3,4,14,1036,47,293,479,269,25,9,11.1,77.8,494,998,18,1,16,2,14,5,0,26,51,19,13,59.4,N/a,N/a,
Jack Stephens,eng ENG,Southampton,DF,31-087,15,13,"1,074",0,0,2,2,0.3,0.2,13,49,2,0.0,0.0,0.03,0.01,N/a,N/a,N/a,N/a,33.3,0.08,0.0,12.1,729,92.0,3598,92.6,94.9,81.3,3,46,5,0,49,12,1.01,0,0.0,30,18,24,10,11,8,3,11,899,96,369,446,88,10,4,0.0,100.0,505,1086,11,1,1,3,12,3,1,0,39,6,6,50.0,N/a,N/a,
Jacob Greaves,eng ENG,Ipswich Town,DF,24-224,20,20,"1,755",1,0,4,0,1.2,0.0,6,48,5,0.05,0.0,0.06,0.0,N/a,N/a,N/a,N/a,50.0,0.21,0.13,8.3,774,87.2,4892,93.1,91.8,42.0,2,56,1,0,48,12,0.62,0,0.0,29,13,24,9,31,22,9,18,1099,234,601,440,62,15,2,50.0,50.0,521,925,9,0,7,2,9,16,1,0,43,54,38,58.7,N/a,N/a,
Jacob Murphy,eng ENG,Newcastle Utd,FW,30-059,30,26,"2,018",8,11,3,0,5.5,7.8,67,61,187,0.36,0.49,0.25,0.35,N/a,N/a,N/a,N/a,38.5,0.67,0.21,17.9,562,68.5,2696,84.4,67.2,42.2,36,45,32,13,61,68,3.04,12,0.54,22,15,30,14,30,0,30,11,1056,20,157,399,511,76,60,50.0,46.7,621,1983,30,23,28,33,11,11,3,93,86,4,15,21.1,N/a,N/a,
Jacob Ramsey,eng ENG,Aston Villa,"FW,MF",23-331,26,18,"1,485",1,3,2,0,1.4,2.1,57,64,103,0.06,0.18,0.09,0.12,N/a,N/a,N/a,N/a,23.5,0.24,0.06,16.1,470,85.5,1446,92.0,84.2,73.7,18,30,20,1,64,49,2.97,8,0.48,29,15,20,10,21,3,18,7,712,12,134,252,338,66,42,57.1,23.8,466,1598,31,19,39,21,12,24,5,10,74,6,10,37.5,N/a,N/a,
Jadon Sancho,eng ENG,Chelsea,FW,25-030,27,18,"1,655",3,4,1,0,2.0,3.4,95,86,214,0.16,0.22,0.11,0.18,N/a,N/a,N/a,N/a,30.4,0.38,0.13,15.3,622,82.5,1947,89.1,84.0,50.0,35,25,46,0,86,65,3.53,10,0.54,10,6,12,7,9,0,9,2,913,11,113,267,543,116,94,46.8,40.4,617,2329,32,55,29,21,6,11,5,23,96,5,10,33.3,N/a,N/a,
Jake O'Brien,ie IRL,Everton,DF,23-344,16,13,"1,211",2,0,4,0,0.7,0.6,7,39,24,0.15,0.0,0.05,0.04,N/a,N/a,N/a,N/a,60.0,0.22,0.4,11.5,410,75.4,3000,87.7,75.6,60.8,6,36,8,5,39,14,1.04,0,0.0,19,13,20,7,14,4,10,3,686,56,273,283,132,18,9,33.3,55.6,282,500,5,2,5,5,10,3,3,17,46,31,22,58.5,N/a,N/a,
James Garner,eng ENG,Everton,"MF,DF",24-042,16,12,"1,144",0,1,3,0,0.3,1.3,9,33,22,0.0,0.08,0.02,0.1,N/a,N/a,N/a,N/a,28.6,0.16,0.0,24.1,385,71.6,2167,82.3,81.4,44.8,11,34,5,2,33,28,2.2,4,0.31,34,22,32,15,14,3,11,16,665,29,169,316,186,9,14,42.9,57.1,301,462,12,1,10,7,16,12,0,48,58,10,8,55.6,N/a,N/a,
James Justin,eng ENG,Leicester City,DF,27-060,31,30,"2,534",2,1,5,0,1.5,0.5,36,80,90,0.07,0.04,0.05,0.02,N/a,N/a,N/a,N/a,25.0,0.21,0.08,16.0,1024,77.5,4909,86.6,83.8,33.3,12,66,21,7,80,31,1.1,1,0.04,48,29,49,22,38,12,26,42,1676,130,588,743,355,36,28,32.1,42.9,746,1533,25,4,30,13,20,34,2,53,75,57,46,55.3,N/a,N/a,
James Maddison,eng ENG,Tottenham,MF,28-152,30,20,"1,764",9,6,6,0,5.8,4.1,43,160,92,0.46,0.31,0.3,0.21,N/a,N/a,N/a,N/a,43.6,0.87,0.23,16.7,1001,81.3,4891,90.9,86.0,45.9,39,121,32,5,160,92,4.7,17,0.87,30,18,28,19,15,4,11,11,1438,25,207,677,567,76,74,41.9,44.6,1010,2227,39,19,23,24,31,63,4,95,73,5,7,41.7,N/a,N/a,
James Tarkowski,eng ENG,Everton,DF,32-156,33,33,"2,922",1,1,6,0,1.3,2.9,9,75,3,0.03,0.03,0.04,0.09,N/a,N/a,N/a,N/a,26.7,0.12,0.07,8.4,1045,81.0,8229,84.5,91.9,62.7,16,83,11,0,75,38,1.17,4,0.12,64,40,39,15,57,42,15,41,1706,355,974,635,106,57,7,71.4,28.6,727,1943,10,0,13,7,35,28,2,1,98,102,33,75.6,N/a,N/a,
Jamie Vardy,eng ENG,Leicester City,FW,38-103,31,31,"2,481",7,3,5,0,9.4,2.9,27,20,104,0.25,0.11,0.34,0.11,N/a,N/a,N/a,N/a,40.8,0.73,0.12,11.8,230,67.4,373,74.9,78.7,64.7,18,10,9,1,20,40,1.45,9,0.33,18,13,11,7,8,4,4,3,520,26,52,241,232,99,20,45.0,50.0,248,620,11,14,32,12,20,19,23,10,34,47,50,48.5,N/a,N/a,
Jan Bednarek,pl POL,Southampton,DF,29-012,27,27,"2,261",2,0,7,0,0.7,0.5,4,58,1,0.08,0.0,0.03,0.02,N/a,N/a,N/a,N/a,40.0,0.08,0.4,16.0,1472,92.5,8489,95.5,94.4,76.0,5,70,1,0,58,16,0.64,0,0.0,35,18,30,15,43,32,11,52,1917,345,1001,883,40,15,3,100.0,0.0,976,1615,5,1,9,3,30,11,0,1,100,66,33,66.7,N/a,N/a,
Jan Paul van Hecke,nl NED,Brighton,DF,24-320,30,29,"2,598",1,1,8,1,1.3,1.5,53,209,5,0.03,0.03,0.04,0.05,N/a,N/a,N/a,N/a,31.3,0.17,0.06,14.1,1795,87.9,13506,93.0,93.0,65.6,13,202,16,4,209,48,1.66,3,0.1,39,25,37,17,32,19,13,23,2316,246,987,1196,153,30,10,40.0,40.0,1536,6643,41,0,12,7,22,22,0,11,119,73,48,60.3,N/a,N/a,
Jannik Vestergaard,dk DEN,Leicester City,DF,32-264,18,16,"1,391",0,0,5,0,0.1,0.1,3,32,2,0.0,0.0,0.01,0.01,N/a,N/a,N/a,N/a,66.7,0.13,0.0,9.7,870,90.7,5807,95.0,93.7,59.3,3,34,1,0,32,7,0.45,0,0.0,22,10,15,6,21,14,7,16,1092,196,572,497,28,10,4,100.0,0.0,672,1458,3,0,2,0,12,4,0,0,46,26,19,57.8,N/a,N/a,
Jarrad Branthwaite,eng ENG,Everton,DF,22-301,26,24,"2,168",0,1,4,0,1.1,0.6,9,54,1,0.0,0.04,0.05,0.02,N/a,N/a,N/a,N/a,37.5,0.12,0.0,8.2,790,81.2,6108,89.2,90.7,53.6,2,71,2,0,54,12,0.5,2,0.08,33,18,25,7,28,20,8,23,1263,181,667,547,56,22,5,60.0,20.0,601,1996,13,2,8,3,8,14,1,2,77,48,34,58.5,N/a,N/a,
Jarrod Bowen,eng ENG,West Ham,"FW,MF",28-125,29,29,"2,541",9,5,1,0,7.4,5.4,93,84,176,0.32,0.18,0.26,0.19,N/a,N/a,N/a,N/a,41.1,1.06,0.11,17.7,488,71.4,2381,83.4,77.4,52.4,45,37,40,6,84,97,3.44,11,0.39,36,23,37,20,21,3,18,16,1064,24,121,388,578,145,113,35.4,56.6,629,2176,41,51,66,66,17,46,8,95,117,9,41,18.0,N/a,N/a,
Jean-Clair Todibo,fr FRA,West Ham,DF,25-115,22,15,"1,395",0,0,2,0,0.2,0.0,9,27,4,0.0,0.0,0.01,0.0,N/a,N/a,N/a,N/a,0.0,0.0,0.0,14.6,712,87.6,4423,92.8,94.7,45.1,2,37,1,0,27,5,0.32,0,0.0,36,22,29,6,21,11,10,20,985,137,561,398,34,9,13,53.8,46.2,566,1320,5,0,9,7,10,5,0,2,57,23,23,50.0,N/a,N/a,
Jean-Philippe Mateta,fr FRA,Crystal Palace,FW,27-300,33,30,"2,442",14,2,2,0,12.1,3.1,37,46,114,0.52,0.07,0.45,0.11,N/a,N/a,N/a,N/a,41.7,0.92,0.2,15.6,269,65.0,924,76.4,62.5,31.8,27,31,15,2,46,56,2.06,8,0.29,17,12,16,13,16,3,13,2,680,24,57,327,310,86,42,42.9,47.6,362,888,20,8,67,41,27,26,17,24,60,59,95,38.3,N/a,N/a,
Jean-Ricner Bellegarde,fr FRA,Wolves,"MF,FW",26-301,30,18,"1,479",2,6,3,0,1.3,3.6,46,35,80,0.12,0.37,0.08,0.22,N/a,N/a,N/a,N/a,25.0,0.3,0.1,21.7,401,79.4,1211,89.7,80.8,58.8,26,27,15,7,35,53,3.23,10,0.61,32,18,18,6,17,3,14,10,718,23,126,325,283,41,58,22.4,53.4,442,1345,34,10,36,23,29,39,1,37,55,8,18,30.8,N/a,N/a,
Jefferson Lerma,co COL,Crystal Palace,"MF,DF",30-181,29,23,"2,030",0,1,8,0,1.0,1.5,11,86,24,0.0,0.04,0.04,0.06,N/a,N/a,N/a,N/a,29.2,0.31,0.0,19.4,774,75.4,4691,86.6,81.3,46.7,9,83,17,2,86,42,1.86,3,0.13,30,15,33,16,32,15,17,35,1267,95,402,652,223,26,12,50.0,33.3,595,1001,10,0,14,15,34,35,0,10,138,39,38,50.6,N/a,N/a,
Jens Cajuste,se SWE,Ipswich Town,MF,25-257,26,23,"1,774",1,0,2,0,0.5,0.6,23,46,16,0.05,0.0,0.02,0.03,N/a,N/a,N/a,N/a,10.0,0.05,0.1,21.3,572,82.4,1907,88.8,85.7,50.0,11,45,5,1,46,30,1.52,1,0.05,39,19,47,28,24,9,15,25,904,59,261,475,182,11,45,53.3,33.3,420,1175,21,3,21,14,21,21,0,9,98,12,20,37.5,N/a,N/a,
Jeremy Doku,be BEL,Manchester City,"FW,MF",22-332,25,14,"1,307",3,5,1,0,1.0,3.9,176,62,235,0.21,0.34,0.07,0.27,N/a,N/a,N/a,N/a,37.5,0.62,0.13,18.2,517,79.5,1313,86.8,81.9,66.7,25,10,41,5,62,63,4.34,12,0.83,28,19,14,7,10,1,9,4,878,4,42,205,654,122,175,56.0,28.0,678,4066,83,80,51,50,7,30,5,48,52,0,10,0.0,N/a,N/a,
Jesper Lindstrøm,dk DEN,Everton,FW,25-054,25,15,"1,239",0,1,2,0,2.1,2.0,30,25,81,0.0,0.07,0.15,0.15,N/a,N/a,N/a,N/a,35.7,0.73,0.0,21.0,297,69.4,1335,86.2,65.7,44.6,19,18,12,7,25,46,3.35,1,0.07,45,25,55,36,15,3,12,12,625,22,127,206,303,40,43,18.6,72.1,302,780,19,7,31,24,15,10,1,71,70,6,12,33.3,N/a,N/a,
Joachim Andersen,dk DEN,Fulham,DF,28-328,24,24,"2,133",0,0,5,1,0.5,0.3,13,100,1,0.0,0.0,0.02,0.01,N/a,N/a,N/a,N/a,23.1,0.13,0.0,17.7,1363,82.5,12479,92.0,93.3,55.5,3,161,5,2,100,24,1.02,2,0.08,24,17,19,6,28,22,6,30,1916,279,1006,848,72,15,6,66.7,0.0,1119,2596,9,1,4,3,15,15,0,8,98,53,34,60.9,N/a,N/a,
Joe Aribo,ng NGA,Southampton,"MF,DF",28-277,30,20,"1,909",3,0,1,0,2.7,1.6,35,71,64,0.14,0.0,0.13,0.07,N/a,N/a,N/a,N/a,41.2,0.33,0.18,14.0,878,88.5,2506,91.3,90.9,68.9,16,50,4,1,71,37,1.75,1,0.05,44,30,34,17,24,9,15,20,1203,46,288,632,294,44,46,39.1,47.8,708,1923,28,12,25,16,20,28,1,10,110,25,21,54.3,N/a,N/a,
Joelinton,br BRA,Newcastle Utd,"MF,FW",28-253,29,29,"2,393",4,3,10,0,3.9,2.5,40,116,110,0.15,0.11,0.15,0.09,N/a,N/a,N/a,N/a,28.9,0.49,0.09,14.0,863,82.7,3384,87.7,86.6,60.0,23,80,17,2,116,61,2.29,9,0.34,57,35,44,19,37,7,30,23,1360,67,256,670,448,83,46,32.6,60.9,729,1786,26,9,39,53,58,35,7,16,149,59,46,56.2,N/a,N/a,
John McGinn,sct SCO,Aston Villa,"MF,FW",30-188,30,24,"1,992",1,3,7,0,2.9,3.4,30,90,70,0.05,0.14,0.13,0.15,N/a,N/a,N/a,N/a,19.2,0.23,0.04,16.2,635,82.8,2779,91.6,86.5,59.8,27,60,27,7,90,66,2.98,6,0.27,31,22,26,15,20,2,18,14,965,27,154,514,307,52,43,39.5,27.9,530,1142,16,6,33,25,43,63,3,50,92,15,10,60.0,N/a,N/a,
Jordan Ayew,gh GHA,Leicester City,"FW,MF",33-225,25,15,"1,310",4,0,5,0,2.8,0.8,38,31,68,0.27,0.0,0.19,0.05,N/a,N/a,N/a,N/a,28.0,0.48,0.12,18.4,316,72.3,894,85.7,73.5,35.6,12,20,11,6,31,30,2.06,1,0.07,24,13,19,13,14,0,14,12,649,18,89,331,251,46,52,36.5,51.9,389,1195,30,7,51,31,27,43,5,47,81,33,53,38.4,N/a,N/a,
Jordan Pickford,eng ENG,Everton,GK,31-048,33,33,"2,970",0,1,7,0,0.0,0.4,0,0,0,0.0,0.03,0.0,0.01,1.21,70.8,30.3,100.0,,0.0,,,899,65.6,21888,99.2,98.4,46.2,2,66,8,0,0,12,0.36,2,0.06,1,0,2,1,0,0,0,1,1466,955,1401,66,0,0,0,,,822,2940,0,0,2,0,0,6,0,0,29,4,1,80.0,N/a,N/a,
Joshua Zirkzee,nl NED,Manchester Utd,"FW,MF",23-337,32,14,"1,402",3,1,2,0,4.8,1.5,14,44,69,0.19,0.06,0.31,0.1,N/a,N/a,N/a,N/a,39.3,0.71,0.11,13.1,292,71.2,901,78.1,74.4,50.0,12,26,6,0,44,31,1.99,3,0.19,14,8,10,5,15,4,11,6,587,16,71,303,219,56,35,31.4,68.6,327,523,21,4,41,30,9,13,3,4,57,21,54,28.0,N/a,N/a,
José Sá,pt POR,Wolves,GK,32-097,25,25,"2,250",0,0,2,0,0.0,0.1,0,2,0,0.0,0.0,0.0,0.01,1.76,61.5,24.0,20.0,,0.0,,,482,62.4,8829,99.0,97.1,30.0,2,17,1,0,2,4,0.16,0,0.0,2,2,2,0,0,0,0,0,829,658,821,9,0,0,6,100.0,0.0,509,1964,0,0,1,0,3,8,0,0,29,8,0,100.0,N/a,N/a,
João Gomes,br BRA,Wolves,MF,24-071,31,31,"2,601",3,1,10,1,2.6,1.1,51,142,63,0.1,0.03,0.09,0.04,N/a,N/a,N/a,N/a,21.9,0.24,0.09,18.3,1180,85.1,4306,90.9,85.9,60.4,20,105,21,1,142,58,2.01,3,0.1,95,56,93,56,38,3,35,25,1715,55,369,940,429,38,54,46.3,42.6,898,2482,48,6,35,47,64,36,1,26,168,9,23,28.1,N/a,N/a,
João Pedro,br BRA,Brighton,"FW,MF",23-210,27,23,"1,948",10,6,4,1,8.9,5.0,66,78,128,0.46,0.28,0.41,0.23,N/a,N/a,N/a,N/a,35.7,0.69,0.12,17.2,482,72.9,1766,78.7,75.1,65.9,30,42,36,5,78,72,3.32,9,0.42,16,12,11,7,12,0,12,9,940,12,60,387,508,122,86,33.7,54.7,616,1821,39,30,72,38,26,46,2,22,59,41,43,48.8,N/a,N/a,
Joël Veltman,nl NED,Brighton,DF,33-099,19,19,"1,643",0,0,4,0,0.5,0.5,29,79,32,0.0,0.0,0.03,0.03,N/a,N/a,N/a,N/a,16.7,0.05,0.0,19.7,716,80.0,3157,89.8,80.6,63.3,6,61,8,5,79,22,1.21,1,0.05,42,28,51,21,22,7,15,18,1097,64,327,540,240,10,15,26.7,33.3,524,1414,22,3,19,7,26,42,0,23,67,21,18,53.8,N/a,N/a,
Joško Gvardiol,hr CRO,Manchester City,DF,23-091,33,32,"2,917",5,0,2,0,4.4,2.0,78,240,96,0.15,0.0,0.13,0.06,N/a,N/a,N/a,N/a,29.7,0.34,0.14,13.0,2240,90.9,9874,94.3,93.1,67.9,25,225,19,1,240,69,2.13,7,0.22,51,34,37,18,39,19,20,36,2808,141,703,1412,716,85,40,57.5,35.0,1826,5505,91,13,24,16,13,21,2,19,130,48,33,59.3,N/a,N/a,
Jurriën Timber,nl NED,Arsenal,DF,23-311,30,27,"2,417",1,3,7,0,1.2,0.8,57,146,104,0.04,0.11,0.05,0.03,N/a,N/a,N/a,N/a,28.6,0.15,0.07,14.1,1194,85.6,4642,91.0,86.0,52.9,17,107,17,2,146,52,1.94,9,0.34,58,38,27,9,19,4,15,22,1661,51,304,859,505,66,53,45.3,45.3,887,2076,27,11,33,24,31,29,6,28,94,22,20,52.4,N/a,N/a,
Justin Kluivert,nl NED,Bournemouth,"MF,FW",25-354,29,25,"2,026",12,6,7,0,9.9,4.8,68,94,142,0.53,0.27,0.44,0.21,N/a,N/a,N/a,N/a,44.0,0.98,0.12,20.1,495,73.8,2173,83.1,76.0,55.1,44,40,31,6,94,92,4.08,11,0.49,21,9,19,15,20,0,20,13,937,23,91,314,552,114,81,40.7,46.9,553,2006,46,34,46,24,39,27,5,76,68,7,23,23.3,N/a,N/a,
Jørgen Strand Larsen,no NOR,Wolves,FW,25-077,31,28,"2,387",12,2,4,0,9.3,2.4,15,26,99,0.45,0.08,0.35,0.09,N/a,N/a,N/a,N/a,63.3,1.17,0.24,11.6,262,63.3,632,71.1,62.5,75.0,19,17,4,1,26,38,1.43,4,0.15,9,6,26,22,17,4,13,5,669,33,81,317,272,98,17,41.2,58.8,318,438,13,8,87,32,46,17,14,6,42,63,94,40.1,N/a,N/a,
Kai Havertz,de GER,Arsenal,"FW,MF",25-317,21,21,"1,839",9,3,4,0,9.4,2.4,34,59,110,0.44,0.15,0.46,0.12,N/a,N/a,N/a,N/a,40.4,1.03,0.17,11.7,401,78.5,1010,84.1,82.5,45.5,16,26,8,1,59,41,2.01,3,0.15,16,9,15,11,22,4,18,6,768,31,88,282,403,103,38,23.7,63.2,411,922,23,18,42,22,36,21,14,11,39,62,73,45.9,N/a,N/a,
Kalvin Phillips,eng ENG,Ipswich Town,MF,29-143,18,14,"1,214",0,0,6,1,0.4,0.2,4,49,4,0.0,0.0,0.03,0.02,N/a,N/a,N/a,N/a,20.0,0.15,0.0,24.2,426,79.3,2418,82.9,86.6,62.1,5,48,6,1,49,17,1.26,3,0.22,34,19,38,23,35,6,29,19,722,60,220,388,118,4,12,41.7,50.0,302,541,5,0,24,10,28,19,0,18,68,7,21,25.0,N/a,N/a,
Kamaldeen Sulemana,gh GHA,Southampton,"FW,MF",23-068,21,12,"1,045",1,1,0,0,1.2,0.7,53,24,69,0.09,0.09,0.11,0.06,N/a,N/a,N/a,N/a,31.8,0.6,0.05,18.1,224,78.9,501,89.1,83.1,42.3,9,6,10,6,24,26,2.24,3,0.26,15,13,12,5,9,0,9,5,460,12,59,170,248,45,86,36.0,55.8,302,1333,34,20,36,21,16,10,2,23,48,6,20,23.1,N/a,N/a,
Kaoru Mitoma,jp JPN,Brighton,"FW,MF",27-339,32,28,"2,493",8,3,1,0,8.2,4.4,136,81,274,0.29,0.11,0.3,0.16,N/a,N/a,N/a,N/a,45.3,0.87,0.15,14.1,694,75.6,2059,86.9,70.7,44.9,35,33,32,8,81,83,3.0,8,0.29,41,24,44,27,46,3,43,13,1284,15,146,443,722,153,126,38.1,57.9,775,3613,76,54,49,22,39,23,5,69,92,24,26,48.0,N/a,N/a,
Keane Lewis-Potter,eng ENG,Brentford,"DF,FW",24-061,33,31,"2,714",1,3,5,0,2.6,3.0,92,88,143,0.03,0.1,0.08,0.1,N/a,N/a,N/a,N/a,51.9,0.46,0.04,20.5,858,77.2,4201,89.4,79.0,49.7,22,56,40,14,88,65,2.16,8,0.27,44,26,42,16,24,9,15,19,1414,93,430,542,460,69,94,40.4,50.0,747,2921,61,34,42,18,14,27,4,67,131,26,33,44.1,N/a,N/a,
Kenny Tete,nl NED,Fulham,DF,29-197,17,16,"1,348",0,2,3,0,1.2,0.7,33,42,40,0.0,0.13,0.08,0.05,N/a,N/a,N/a,N/a,9.5,0.13,0.0,16.3,592,81.3,3187,91.5,79.7,64.1,5,53,6,4,42,24,1.6,3,0.2,44,29,28,11,20,6,14,28,919,55,297,386,243,29,17,47.1,23.5,475,1158,17,7,16,10,25,13,0,21,54,16,11,59.3,N/a,N/a,
Kepa Arrizabalaga,es ESP,Bournemouth,GK,30-203,26,26,"2,340",0,0,3,0,0.1,0.0,0,2,0,0.0,0.0,0.0,0.0,1.27,75.0,26.9,0.0,0.0,0.0,0.0,9.7,618,71.8,11673,98.0,98.1,47.0,1,8,0,0,2,4,0.15,0,0.0,1,0,1,1,1,0,1,0,912,670,886,25,1,1,1,100.0,0.0,521,1477,0,0,0,0,2,5,0,0,46,6,1,85.7,N/a,N/a,
Kevin De Bruyne,be BEL,Manchester City,"MF,FW",33-300,24,16,"1,455",3,7,2,0,3.4,7.6,47,128,132,0.19,0.43,0.21,0.47,N/a,N/a,N/a,N/a,27.1,0.8,0.06,21.9,756,75.6,3720,85.1,76.7,58.1,51,75,48,10,128,101,6.24,11,0.68,15,8,21,17,8,0,8,7,1153,10,70,391,702,66,30,40.0,46.7,677,1825,43,18,24,25,14,16,5,115,53,4,14,22.2,N/a,N/a,
Kevin Schade,de GER,Brentford,FW,23-148,33,21,"1,931",7,2,3,0,6.2,3.3,54,32,139,0.33,0.09,0.29,0.16,N/a,N/a,N/a,N/a,42.2,0.89,0.16,11.9,279,58.7,1249,69.2,60.1,41.5,19,29,9,3,32,46,2.15,8,0.37,34,23,20,8,14,2,12,5,757,37,124,209,439,121,75,34.7,57.3,382,1236,26,33,48,33,19,31,13,36,71,75,62,54.7,N/a,N/a,
Kieran Trippier,eng ENG,Newcastle Utd,DF,34-217,22,12,"1,102",0,1,1,0,0.1,0.7,21,78,39,0.0,0.08,0.01,0.06,N/a,N/a,N/a,N/a,0.0,0.0,0.0,22.2,813,81.3,4978,94.0,85.1,45.8,16,53,10,1,78,44,3.59,3,0.25,32,19,32,13,8,3,5,11,1111,42,331,495,293,10,7,57.1,42.9,499,1035,11,3,9,7,13,9,2,62,57,19,10,65.5,N/a,N/a,
Kobbie Mainoo,eng ENG,Manchester Utd,MF,20-005,20,16,"1,352",0,0,5,0,0.5,1.5,19,55,36,0.0,0.0,0.04,0.1,N/a,N/a,N/a,N/a,9.1,0.07,0.0,20.4,608,86.2,2051,92.0,88.4,70.3,13,45,9,0,55,26,1.73,1,0.07,38,24,34,13,15,2,13,18,888,17,170,503,223,31,42,47.6,47.6,547,1045,13,9,27,31,24,19,2,4,74,17,25,40.5,N/a,N/a,
Konstantinos Mavropanos,gr GRE,West Ham,DF,27-134,29,19,"1,854",0,0,5,1,1.5,0.5,16,58,2,0.0,0.0,0.07,0.02,N/a,N/a,N/a,N/a,29.4,0.24,0.0,15.0,960,85.6,6485,91.1,92.1,57.4,4,58,4,1,58,14,0.68,0,0.0,32,22,25,11,21,15,6,38,1360,204,706,602,60,22,17,52.9,29.4,745,2069,10,1,12,0,16,14,3,2,65,55,23,70.5,N/a,N/a,
Kristoffer Ajer,no NOR,Brentford,DF,27-007,20,17,"1,388",0,0,4,0,0.8,1.2,27,52,42,0.0,0.0,0.05,0.08,N/a,N/a,N/a,N/a,37.5,0.19,0.0,10.2,482,78.2,2707,86.8,79.7,49.1,8,41,7,4,52,18,1.17,2,0.13,24,16,26,12,17,4,13,12,762,51,255,355,158,35,16,43.8,50.0,373,1164,11,2,15,12,11,6,1,14,41,27,22,55.1,N/a,N/a,
Kyle Walker,eng ENG,Manchester City,DF,34-331,15,9,970,0,0,3,0,0.1,0.4,12,64,11,0.0,0.0,0.01,0.04,N/a,N/a,N/a,N/a,40.0,0.19,0.0,27.7,724,87.7,3918,94.6,91.3,51.2,7,63,7,4,64,17,1.58,0,0.0,17,10,26,12,13,4,9,3,892,26,197,473,228,5,6,50.0,33.3,499,1106,13,0,9,2,6,5,1,14,46,9,7,56.3,N/a,N/a,
Kyle Walker-Peters,eng ENG,Southampton,DF,28-011,31,31,"2,738",0,2,5,0,0.7,2.7,110,132,132,0.0,0.07,0.02,0.09,N/a,N/a,N/a,N/a,26.3,0.16,0.0,18.6,1420,88.1,6242,93.7,89.8,61.6,23,113,29,4,132,59,1.94,7,0.23,43,28,33,17,25,14,11,17,1918,140,579,835,519,57,82,39.0,45.1,1193,4166,68,23,30,35,26,48,2,51,126,10,20,33.3,N/a,N/a,
Leandro Trossard,be BEL,Arsenal,FW,30-141,34,25,"2,264",8,5,4,1,6.6,5.1,70,91,202,0.32,0.2,0.26,0.2,N/a,N/a,N/a,N/a,30.3,0.8,0.12,16.0,616,73.6,2709,84.8,76.0,51.2,36,40,41,9,91,78,3.1,6,0.24,25,16,31,22,28,0,28,9,1117,15,117,350,666,137,69,42.0,44.9,709,1870,47,27,53,42,24,41,5,78,90,6,21,22.2,N/a,N/a,
Leif Davis,eng ENG,Ipswich Town,DF,25-102,31,30,"2,563",1,2,5,1,0.9,4.3,48,55,117,0.04,0.07,0.03,0.15,N/a,N/a,N/a,N/a,14.3,0.07,0.07,20.4,854,71.5,5905,86.0,77.4,37.3,54,30,26,11,55,85,2.98,4,0.14,45,26,46,17,24,8,16,25,1459,115,517,484,477,36,37,35.1,45.9,659,1940,27,10,36,14,25,30,3,148,111,33,22,60.0,N/a,N/a,
Leny Yoro,fr FRA,Manchester Utd,DF,19-162,18,10,979,0,0,5,0,0.7,0.0,17,43,4,0.0,0.0,0.06,0.0,N/a,N/a,N/a,N/a,20.0,0.09,0.0,8.6,605,92.4,3264,95.1,94.5,65.0,0,42,2,1,43,5,0.46,0,0.0,23,10,15,6,5,3,2,17,764,70,355,359,52,10,3,33.3,66.7,527,1446,10,1,2,2,8,1,1,1,34,14,13,51.9,N/a,N/a,
Leon Bailey,jm JAM,Aston Villa,"FW,MF",27-258,23,14,"1,138",1,2,3,0,1.7,1.5,57,35,121,0.08,0.16,0.14,0.12,N/a,N/a,N/a,N/a,21.4,0.47,0.04,17.3,273,70.7,1048,81.4,81.1,47.4,16,16,20,2,35,38,3.01,4,0.32,6,4,10,8,6,0,6,3,539,18,76,155,318,69,57,38.6,42.1,344,1334,22,33,35,25,12,18,3,34,59,6,9,40.0,N/a,N/a,
Lesley Ugochukwu,fr FRA,Southampton,MF,21-029,22,14,"1,357",1,1,5,0,0.8,1.0,24,47,19,0.07,0.07,0.05,0.07,N/a,N/a,N/a,N/a,11.1,0.07,0.11,18.4,509,84.7,1734,87.5,91.9,56.3,13,50,6,1,47,22,1.46,1,0.07,46,22,32,15,25,9,16,12,749,40,174,428,153,22,25,68.0,28.0,409,1014,12,6,9,9,26,14,0,5,57,16,16,50.0,N/a,N/a,
Levi Colwill,eng ENG,Chelsea,DF,22-057,30,30,"2,699",1,1,8,0,1.3,1.1,13,122,11,0.03,0.03,0.04,0.04,N/a,N/a,N/a,N/a,18.8,0.1,0.06,9.9,2105,89.6,13387,93.0,95.1,56.9,14,141,7,3,122,37,1.23,3,0.1,37,25,25,9,33,23,10,31,2591,318,1201,1275,125,33,8,62.5,37.5,1483,3727,11,1,13,8,39,18,4,13,103,74,49,60.2,N/a,N/a,
Lewis Cook,eng ENG,Bournemouth,"MF,DF",28-080,32,29,"2,707",1,3,8,0,0.9,4.1,33,152,48,0.03,0.1,0.03,0.14,N/a,N/a,N/a,N/a,28.6,0.13,0.07,23.4,1128,76.6,6765,84.7,84.8,45.4,47,149,25,10,152,86,2.86,5,0.17,76,41,65,30,28,10,18,40,1768,80,412,928,447,19,17,58.8,41.2,777,2099,28,4,29,16,46,10,3,125,178,40,34,54.1,N/a,N/a,
Lewis Dunk,eng ENG,Brighton,DF,33-154,23,21,"1,903",0,0,5,0,0.7,0.5,20,137,3,0.0,0.0,0.03,0.03,N/a,N/a,N/a,N/a,20.0,0.09,0.0,13.4,1661,90.8,9988,96.4,94.9,62.6,6,152,6,0,137,18,0.85,3,0.14,16,9,18,8,24,16,8,12,1981,238,935,951,105,18,1,0.0,100.0,1250,3161,18,0,6,3,7,8,2,4,99,47,28,62.7,N/a,N/a,
Lewis Hall,eng ENG,Newcastle Utd,DF,20-228,27,24,"2,189",0,4,3,0,0.4,4.3,41,123,80,0.0,0.16,0.02,0.18,N/a,N/a,N/a,N/a,9.1,0.04,0.0,18.8,1300,81.7,8891,91.3,85.1,51.5,34,114,17,5,123,63,2.59,6,0.25,58,41,74,34,33,18,15,18,1820,95,623,804,414,47,21,52.4,33.3,950,2358,22,13,33,20,9,21,1,110,119,30,31,49.2,N/a,N/a,
Liam Delap,eng ENG,Ipswich Town,FW,22-075,32,29,"2,354",12,2,8,0,9.0,1.9,58,30,101,0.46,0.08,0.35,0.07,N/a,N/a,N/a,N/a,45.8,1.03,0.17,15.8,202,61.2,638,70.2,63.4,40.9,20,16,6,0,30,60,2.3,7,0.27,10,7,14,12,8,0,8,2,621,28,72,258,309,85,78,47.4,42.3,408,1439,42,28,92,55,64,46,13,5,57,50,62,44.6,N/a,N/a,
Lisandro Martínez,ar ARG,Manchester Utd,DF,27-096,20,20,"1,751",2,1,7,0,1.3,1.1,23,117,7,0.1,0.05,0.07,0.06,N/a,N/a,N/a,N/a,35.3,0.31,0.12,15.9,1200,89.4,7055,94.2,93.0,55.2,9,91,18,2,117,26,1.34,2,0.1,40,24,36,15,22,8,14,32,1524,156,713,697,125,18,7,85.7,14.3,1017,3129,23,2,1,3,22,7,0,9,81,16,13,55.2,N/a,N/a,
Lucas Bergvall,se SWE,Tottenham,MF,19-081,26,10,"1,122",0,1,3,0,0.7,0.6,31,49,29,0.0,0.08,0.06,0.05,N/a,N/a,N/a,N/a,16.7,0.16,0.0,19.9,608,88.2,2075,92.7,90.3,75.8,11,50,7,3,49,21,1.68,4,0.32,37,19,31,14,16,7,9,22,845,34,176,456,226,20,44,47.7,43.2,510,1580,21,4,19,18,20,14,0,18,71,8,8,50.0,N/a,N/a,
Lucas Digne,fr FRA,Aston Villa,DF,31-278,30,27,"2,241",0,4,4,0,0.8,4.4,23,54,140,0.0,0.16,0.03,0.17,N/a,N/a,N/a,N/a,23.1,0.12,0.0,22.7,924,75.0,4806,88.2,78.6,39.7,35,43,29,18,54,63,2.53,5,0.2,62,36,62,20,23,4,19,25,1473,90,510,449,524,28,19,47.4,47.4,669,1319,14,4,17,15,20,14,7,138,98,34,26,56.7,N/a,N/a,
Lucas Paquetá,br BRA,West Ham,"MF,FW",27-240,29,25,"2,167",4,0,8,0,5.2,3.0,20,129,81,0.17,0.0,0.21,0.13,N/a,N/a,N/a,N/a,8.1,0.12,0.05,19.4,990,77.0,5188,83.7,78.8,62.6,34,114,39,4,129,75,3.12,6,0.25,61,35,47,23,27,4,23,16,1593,53,320,877,409,54,38,39.5,47.4,807,1174,30,2,49,48,48,55,6,27,137,44,57,43.6,N/a,N/a,
Luis Díaz,co COL,Liverpool,FW,28-101,32,25,"2,150",11,5,2,0,9.2,4.9,102,102,265,0.46,0.21,0.39,0.2,N/a,N/a,N/a,N/a,40.6,1.09,0.17,13.7,683,84.4,2361,89.1,86.1,82.1,53,43,43,6,102,115,4.81,16,0.67,33,21,34,21,15,0,15,7,1088,15,75,377,655,154,110,46.4,43.6,718,2777,51,55,51,42,46,29,10,29,96,12,33,26.7,N/a,N/a,
Luke Woolfenden,eng ENG,Ipswich Town,DF,26-185,13,10,"1,007",0,0,2,0,0.0,0.0,7,15,0,0.0,0.0,0.0,0.0,N/a,N/a,N/a,N/a,0.0,0.0,0.0,12.9,437,87.9,2692,96.4,93.7,52.3,0,27,0,0,15,2,0.18,0,0.0,9,6,5,3,17,11,6,18,608,126,345,254,9,3,0,,,331,1111,3,0,4,0,5,2,1,0,33,15,11,57.7,N/a,N/a,
Mads Hermansen,dk DEN,Leicester City,GK,24-287,26,26,"2,295",0,0,1,0,0.0,0.0,0,1,0,0.0,0.0,0.0,0.0,2.16,65.3,3.8,25.0,,0.0,,,626,60.6,11953,98.0,94.9,32.7,0,20,1,0,1,3,0.12,0,0.0,1,1,1,0,1,0,1,0,1106,800,1065,43,0,0,1,100.0,0.0,706,1850,0,0,1,0,0,3,0,0,17,4,1,80.0,N/a,N/a,
Mads Roerslev,dk DEN,Brentford,DF,25-304,19,11,"1,101",0,2,2,0,0.2,3.0,17,51,54,0.0,0.16,0.02,0.24,N/a,N/a,N/a,N/a,40.0,0.16,0.0,20.8,422,78.7,2249,88.0,79.9,55.1,14,37,11,4,51,21,1.72,2,0.16,18,8,28,17,12,5,7,4,645,49,234,268,146,20,19,36.8,42.1,352,858,13,0,9,6,6,10,0,31,39,10,14,41.7,N/a,N/a,
Malo Gusto,fr FRA,Chelsea,DF,21-340,28,19,"1,819",0,1,4,0,1.7,1.2,48,118,84,0.0,0.05,0.08,0.06,N/a,N/a,N/a,N/a,18.2,0.2,0.0,21.3,1168,86.4,4800,93.1,88.2,61.3,20,107,18,6,118,56,2.77,4,0.2,43,28,47,23,29,8,21,23,1553,57,375,752,438,42,15,26.7,66.7,861,2170,35,8,16,17,20,18,2,51,114,8,15,34.8,N/a,N/a,
Manuel Akanji,ch SUI,Manchester City,DF,29-279,22,20,"1,711",0,0,3,0,0.7,0.4,38,135,6,0.0,0.0,0.04,0.02,N/a,N/a,N/a,N/a,10.0,0.05,0.0,16.3,1395,93.9,6253,95.9,95.5,73.9,9,150,11,2,135,34,1.79,2,0.11,15,10,12,5,11,8,3,7,1598,108,472,776,352,11,2,100.0,0.0,1044,3286,52,0,4,5,16,9,0,11,86,24,29,45.3,N/a,N/a,
Manuel Ugarte Ribeiro,uy URU,Manchester Utd,MF,24-013,25,20,"1,590",1,0,9,0,0.8,0.6,10,53,19,0.06,0.0,0.05,0.03,N/a,N/a,N/a,N/a,18.8,0.17,0.06,22.0,683,87.1,2384,88.9,93.0,73.7,7,47,9,3,53,27,1.53,2,0.11,70,43,58,33,27,3,24,25,1010,40,297,558,173,14,31,54.8,32.3,573,1015,10,1,29,24,35,31,0,7,110,17,17,50.0,N/a,N/a,
Marc Cucurella,es ESP,Chelsea,DF,26-276,31,28,"2,538",4,1,10,1,2.2,1.8,30,97,106,0.14,0.04,0.08,0.06,N/a,N/a,N/a,N/a,36.8,0.25,0.21,16.6,1454,87.7,6305,93.9,89.7,54.9,17,103,12,3,97,45,1.6,5,0.18,54,36,50,25,39,12,27,22,1918,97,577,877,472,69,13,30.8,53.8,830,2009,17,2,25,6,32,31,3,29,110,29,51,36.3,N/a,N/a,
Marc Guéhi,eng ENG,Crystal Palace,DF,24-285,32,32,"2,879",3,2,9,1,1.8,1.2,22,127,8,0.09,0.06,0.06,0.04,N/a,N/a,N/a,N/a,50.0,0.22,0.21,10.3,1375,83.2,10870,91.1,88.7,55.7,12,127,11,3,127,38,1.19,5,0.16,56,31,45,15,53,22,31,25,1992,292,986,880,137,31,14,78.6,14.3,1061,2801,17,1,17,16,22,26,1,13,135,66,50,56.9,N/a,N/a,
Marcos Senesi,ar ARG,Bournemouth,DF,27-349,14,12,"1,008",0,0,5,0,0.8,0.2,12,51,5,0.0,0.0,0.07,0.02,N/a,N/a,N/a,N/a,0.0,0.0,0.0,6.0,493,76.7,5319,88.0,85.9,50.0,3,73,12,3,51,16,1.43,1,0.09,35,21,30,16,14,6,8,11,778,64,345,375,67,12,9,55.6,44.4,482,1464,14,0,5,5,19,7,0,10,67,23,27,46.0,N/a,N/a,
Marcus Rashford,eng ENG,Manchester Utd,"FW,MF",27-175,15,12,978,4,1,2,0,1.7,2.1,22,13,42,0.37,0.09,0.16,0.19,N/a,N/a,N/a,N/a,27.8,1.01,0.06,19.4,117,71.3,447,87.0,76.6,36.0,13,2,9,2,13,27,5.49,3,0.61,10,7,6,2,2,0,2,1,227,2,14,58,159,30,22,40.9,59.1,127,471,10,15,8,1,1,3,1,28,14,1,8,11.1,N/a,N/a,
Marcus Tavernier,eng ENG,Bournemouth,"FW,MF",26-033,24,16,"1,561",3,5,5,0,5.2,2.8,37,99,103,0.17,0.29,0.3,0.16,N/a,N/a,N/a,N/a,31.3,0.86,0.06,20.5,525,72.6,2689,86.3,78.2,43.6,36,61,29,9,99,82,4.73,10,0.58,38,23,25,16,14,2,12,4,942,18,104,354,504,49,47,42.6,51.1,534,1525,35,7,36,42,25,20,4,89,96,22,30,42.3,N/a,N/a,
Mario Lemina,ga GAB,Wolves,"MF,DF",31-235,17,15,"1,364",1,3,4,0,1.4,1.1,8,48,21,0.07,0.2,0.09,0.07,N/a,N/a,N/a,N/a,27.8,0.33,0.06,21.9,493,80.4,2966,85.0,87.7,61.1,10,43,13,4,48,26,1.71,5,0.33,51,31,29,9,12,7,5,27,809,92,324,378,119,18,16,62.5,25.0,382,1038,12,2,21,11,17,8,4,10,73,25,16,61.0,N/a,N/a,
Mark Flekken,nl NED,Brentford,GK,31-315,32,32,"2,825",0,1,1,0,0.0,0.2,0,0,0,0.0,0.03,0.0,0.01,1.53,73.3,15.6,0.0,,0.0,,,1113,73.3,22467,97.8,97.4,50.1,2,44,2,0,0,7,0.22,1,0.03,4,4,9,6,2,0,2,0,1616,1261,1569,52,0,0,1,100.0,0.0,987,2803,0,0,3,0,0,3,0,0,35,4,0,100.0,N/a,N/a,
Martin Ødegaard,no NOR,Arsenal,MF,26-128,26,23,"2,040",2,6,4,0,4.4,4.6,79,231,142,0.09,0.26,0.2,0.2,N/a,N/a,N/a,N/a,31.7,0.57,0.02,18.7,1099,82.6,4924,90.3,87.1,53.0,56,115,78,5,231,112,4.95,13,0.57,19,11,24,20,4,0,4,4,1493,6,98,625,784,103,54,40.7,55.6,1032,3279,72,23,27,38,10,20,1,80,86,8,7,53.3,N/a,N/a,
Mateo Kovačić,hr CRO,Manchester City,MF,30-353,28,22,"1,960",6,1,5,0,1.7,3.5,51,142,15,0.28,0.05,0.08,0.16,N/a,N/a,N/a,N/a,31.6,0.55,0.16,22.2,1523,92.5,6173,95.0,95.6,62.5,28,178,27,0,142,59,2.71,6,0.28,61,36,59,32,19,0,19,20,1859,48,274,1063,543,16,38,52.6,28.9,1259,3432,71,3,16,29,22,22,0,0,109,9,7,56.3,N/a,N/a,
Mateus Fernandes,pt POR,Southampton,MF,20-288,31,29,"2,499",2,3,8,0,3.7,2.6,71,127,97,0.07,0.11,0.13,0.09,N/a,N/a,N/a,N/a,37.8,0.5,0.05,18.6,949,79.3,3817,87.5,85.3,54.3,30,86,21,4,127,68,2.45,6,0.22,78,43,58,31,35,3,32,19,1529,53,319,750,496,44,94,45.7,45.7,796,2859,64,8,47,30,40,48,3,102,155,13,9,59.1,N/a,N/a,
Matheus Cunha,br BRA,Wolves,"MF,FW",25-332,28,25,"2,253",14,4,3,0,7.3,6.8,95,119,141,0.56,0.16,0.29,0.27,N/a,N/a,N/a,N/a,41.6,1.48,0.16,20.7,682,71.0,3746,84.7,75.4,43.9,46,81,50,9,119,107,4.27,13,0.52,34,20,35,24,19,1,18,16,1337,22,165,616,603,109,123,44.7,43.9,762,2835,79,33,70,45,39,63,8,118,116,10,27,27.0,N/a,N/a,
Matheus Nunes,pt POR,Manchester City,"DF,MF",26-240,23,16,"1,404",1,5,4,0,0.9,4.2,56,66,151,0.06,0.32,0.06,0.27,N/a,N/a,N/a,N/a,42.9,0.19,0.14,18.3,885,86.5,2479,91.4,88.7,66.2,21,43,25,7,66,39,2.5,6,0.38,28,18,31,18,14,3,11,12,1166,35,207,442,522,53,33,45.5,39.4,717,1991,26,22,27,11,28,14,6,37,57,13,15,46.4,N/a,N/a,
Matt Doherty,ie IRL,Wolves,DF,33-098,26,21,"1,818",2,1,6,0,1.0,1.5,29,73,39,0.1,0.05,0.05,0.08,N/a,N/a,N/a,N/a,30.0,0.15,0.2,11.4,900,81.8,5540,89.7,86.1,60.8,11,85,13,1,73,24,1.19,3,0.15,35,19,21,7,25,15,10,21,1312,110,507,647,175,25,20,55.0,30.0,693,1953,19,4,11,5,17,11,2,18,91,46,19,70.8,N/a,N/a,
Matthijs de Ligt,nl NED,Manchester Utd,DF,25-255,28,24,"2,089",2,0,3,0,2.5,0.3,7,55,6,0.09,0.0,0.11,0.01,N/a,N/a,N/a,N/a,50.0,0.39,0.11,7.9,1225,90.1,5917,94.1,94.5,50.5,6,63,2,1,55,14,0.6,1,0.04,30,22,32,9,29,21,8,33,1584,181,813,722,56,29,4,50.0,50.0,1063,2219,3,0,5,3,16,12,2,6,66,57,29,66.3,N/a,N/a,
Matty Cash,pl POL,Aston Villa,DF,27-260,23,20,"1,710",1,1,6,0,0.3,1.1,44,38,70,0.05,0.05,0.02,0.06,N/a,N/a,N/a,N/a,40.0,0.21,0.1,19.0,607,78.6,2861,89.7,79.8,49.4,10,36,8,4,38,22,1.16,2,0.11,46,26,33,10,17,6,11,21,963,70,350,382,242,37,32,46.9,43.8,479,1576,33,4,17,6,24,15,1,30,61,17,19,47.2,N/a,N/a,
Matz Sels,be BEL,Nott'ham Forest,GK,33-057,33,33,"2,970",0,0,3,0,0.0,0.0,0,1,0,0.0,0.0,0.0,0.0,1.18,74.7,39.4,0.0,,0.0,,,441,50.1,14650,100.0,97.7,36.5,1,38,2,0,1,5,0.15,0,0.0,1,1,1,0,0,0,0,0,969,741,955,14,0,0,0,,,469,1436,0,0,0,0,0,10,0,0,9,14,2,87.5,N/a,N/a,
Max Kilman,eng ENG,West Ham,DF,27-336,33,33,"2,898",0,1,4,0,1.4,1.1,28,103,5,0.0,0.03,0.04,0.04,N/a,N/a,N/a,N/a,18.2,0.06,0.0,8.4,1442,86.9,9577,92.4,92.5,58.1,15,96,3,0,103,26,0.81,3,0.09,30,17,23,4,54,37,17,36,2018,406,1126,812,95,28,18,72.2,5.6,1056,2749,10,2,14,2,17,12,2,2,132,99,48,67.3,N/a,N/a,
Maxence Lacroix,fr FRA,Crystal Palace,DF,25-018,31,31,"2,756",1,1,5,0,2.8,0.8,8,59,7,0.03,0.03,0.09,0.02,N/a,N/a,N/a,N/a,20.0,0.16,0.04,11.8,1092,81.9,8875,85.3,90.9,55.3,6,66,2,1,59,26,0.85,4,0.13,68,40,47,15,42,16,26,50,1735,313,1058,612,72,36,13,61.5,23.1,928,1935,4,0,21,3,31,18,1,6,121,54,44,55.1,N/a,N/a,
Micky van de Ven,nl NED,Tottenham,DF,24-005,12,11,950,0,2,4,0,0.6,1.2,8,51,1,0.0,0.19,0.05,0.11,N/a,N/a,N/a,N/a,33.3,0.19,0.0,11.1,706,91.0,4092,91.7,96.5,62.5,2,50,1,0,51,11,1.04,2,0.19,10,6,14,6,9,6,3,10,862,101,442,393,36,9,8,50.0,50.0,599,1388,10,1,5,4,10,8,0,0,61,19,18,51.4,N/a,N/a,
Mikel Merino,es ESP,Arsenal,"MF,FW",28-306,25,15,"1,401",6,2,2,0,4.4,1.9,9,61,86,0.39,0.13,0.28,0.12,N/a,N/a,N/a,N/a,37.5,0.77,0.19,10.5,412,77.9,1613,87.0,78.3,53.3,15,33,24,4,61,39,2.51,4,0.26,38,22,29,14,17,5,12,13,709,35,127,300,291,72,17,41.2,35.3,349,638,12,4,21,22,35,20,7,12,76,57,52,52.3,N/a,N/a,
Mikkel Damsgaard,dk DEN,Brentford,"MF,FW",24-295,33,29,"2,495",2,10,2,0,2.6,7.3,62,204,115,0.07,0.36,0.09,0.26,N/a,N/a,N/a,N/a,22.6,0.25,0.06,17.1,954,72.8,6345,85.4,73.5,52.8,55,144,62,15,204,109,3.93,21,0.76,73,40,69,42,33,2,31,25,1619,33,293,734,614,70,89,51.7,36.0,924,2615,42,9,53,42,15,26,6,118,152,12,25,32.4,N/a,N/a,
Milos Kerkez,hu HUN,Bournemouth,DF,21-168,33,33,"2,897",2,5,4,0,0.5,3.3,89,141,161,0.06,0.16,0.02,0.1,N/a,N/a,N/a,N/a,29.4,0.16,0.12,20.4,1141,75.4,5978,89.3,78.1,36.8,30,79,34,22,141,74,2.3,9,0.28,49,26,36,14,33,11,22,38,1858,101,482,782,616,57,43,44.2,32.6,926,3158,62,15,42,18,27,44,1,115,148,25,46,35.2,N/a,N/a,
Mohamed Salah,eg EGY,Liverpool,FW,32-313,33,33,"2,921",27,18,1,0,23.7,12.1,138,127,407,0.83,0.55,0.73,0.37,N/a,N/a,N/a,N/a,43.0,1.42,0.17,14.7,785,71.3,3340,83.8,69.6,61.6,75,49,80,13,127,144,4.44,24,0.74,20,11,14,7,11,0,11,7,1481,10,87,446,967,310,120,45.0,52.5,1012,3209,54,110,102,60,22,33,15,64,90,9,12,42.9,N/a,N/a,
Mohammed Kudus,gh GHA,West Ham,"FW,MF",24-265,27,27,"2,241",3,2,1,1,6.2,2.3,87,71,189,0.12,0.08,0.25,0.09,N/a,N/a,N/a,N/a,29.2,0.76,0.05,15.6,620,83.6,1566,90.0,89.6,67.1,27,40,25,12,71,94,3.78,6,0.24,33,19,26,16,21,1,20,4,1100,11,149,451,537,111,177,43.5,46.9,719,2242,55,38,63,84,34,57,18,69,119,10,34,22.7,N/a,N/a,
Moisés Caicedo,ec ECU,Chelsea,MF,23-173,33,33,"2,901",1,2,10,0,0.7,2.9,37,188,32,0.03,0.06,0.02,0.09,N/a,N/a,N/a,N/a,17.6,0.09,0.06,25.0,1736,89.9,8011,92.3,92.7,78.3,28,210,31,2,188,86,2.67,7,0.22,97,61,76,29,44,9,35,43,2263,80,483,1395,409,12,51,39.2,37.3,1267,2818,26,2,34,23,60,54,0,8,192,29,15,65.9,N/a,N/a,
Morgan Gibbs-White,eng ENG,Nott'ham Forest,MF,25-087,29,29,"2,377",5,7,9,1,4.6,4.4,63,139,115,0.19,0.27,0.18,0.17,N/a,N/a,N/a,N/a,34.6,0.68,0.1,17.0,834,78.5,3949,84.9,82.0,58.8,44,110,35,7,139,98,3.71,17,0.64,39,18,30,15,14,4,10,17,1382,32,166,695,543,83,73,39.7,46.6,778,2303,46,12,66,37,32,35,7,36,113,36,46,43.9,N/a,N/a,
Morgan Rogers,eng ENG,Aston Villa,"FW,MF",22-272,33,33,"2,763",8,8,9,0,6.1,6.9,102,113,171,0.26,0.26,0.2,0.22,N/a,N/a,N/a,N/a,36.5,0.62,0.15,15.8,606,73.9,3021,81.4,76.6,80.0,45,69,51,2,113,95,3.1,13,0.42,35,18,38,20,24,7,17,5,1229,36,182,535,537,133,145,41.4,45.5,718,2908,62,32,102,67,46,47,2,21,103,11,43,20.4,N/a,N/a,
Murillo,br BRA,Nott'ham Forest,DF,22-294,32,32,"2,838",1,0,5,0,1.2,1.1,19,100,4,0.03,0.0,0.04,0.03,N/a,N/a,N/a,N/a,20.0,0.13,0.05,24.3,976,77.8,9071,90.9,87.0,47.6,12,110,11,1,100,35,1.11,2,0.06,49,33,44,18,66,43,23,29,1665,375,853,737,89,17,33,78.8,21.2,706,2162,24,1,18,9,25,4,0,12,124,36,19,65.5,N/a,N/a,
Myles Lewis-Skelly,eng ENG,Arsenal,DF,18-210,19,12,"1,078",1,0,2,2,0.1,0.3,29,57,32,0.08,0.0,0.01,0.03,N/a,N/a,N/a,N/a,50.0,0.08,0.5,14.3,547,90.7,1755,95.7,90.8,63.2,6,54,8,1,57,21,1.75,0,0.0,21,14,9,0,1,0,1,6,702,18,123,384,208,14,25,48.0,36.0,401,1332,21,5,9,8,10,35,0,8,42,7,6,53.8,N/a,N/a,
Nathan Collins,ie IRL,Brentford,DF,23-359,33,33,"2,970",2,2,5,0,2.5,1.5,25,112,18,0.06,0.06,0.08,0.05,N/a,N/a,N/a,N/a,37.5,0.18,0.13,10.8,1501,85.8,9438,88.0,92.4,59.7,9,94,7,2,112,28,0.85,7,0.21,35,20,31,10,68,48,20,31,2139,341,1124,867,158,63,12,50.0,41.7,1125,3556,9,0,15,8,24,25,6,7,145,103,57,64.4,N/a,N/a,
Neco Williams,wls WAL,Nott'ham Forest,DF,24-011,30,23,"2,144",1,2,5,0,2.2,1.4,54,70,81,0.04,0.08,0.09,0.06,N/a,N/a,N/a,N/a,18.8,0.25,0.03,19.7,647,75.2,4000,89.4,72.1,40.5,14,50,17,7,70,40,1.68,5,0.21,73,44,68,25,37,8,29,24,1231,136,450,437,359,35,39,38.5,43.6,492,1685,26,14,23,15,20,34,1,40,84,34,25,57.6,N/a,N/a,
Nick Pope,eng ENG,Newcastle Utd,GK,33-005,23,23,"2,070",0,0,2,0,0.0,0.0,0,1,0,0.0,0.0,0.0,0.0,1.39,70.5,26.1,50.0,,0.0,,,471,71.9,7422,99.0,98.4,42.0,0,2,0,0,1,4,0.17,0,0.0,0,0,0,0,1,0,1,1,733,586,723,10,0,0,0,,,381,1431,0,0,0,1,2,5,0,0,18,11,1,91.7,N/a,N/a,
Nicolas Jackson,sn SEN,Chelsea,FW,23-308,27,25,"2,025",9,5,7,0,12.1,4.3,44,35,114,0.4,0.22,0.54,0.19,N/a,N/a,N/a,N/a,42.5,1.38,0.12,12.6,267,74.6,832,80.5,76.2,64.3,28,21,9,1,35,67,2.98,10,0.44,18,11,8,5,12,2,10,3,622,19,44,252,334,135,55,30.9,50.9,373,1241,24,29,59,36,29,27,18,3,43,18,33,35.3,N/a,N/a,
Nicolás Domínguez,ar ARG,Nott'ham Forest,"MF,FW",26-300,29,19,"1,624",0,1,8,0,1.4,1.3,12,63,24,0.0,0.06,0.08,0.07,N/a,N/a,N/a,N/a,38.9,0.39,0.0,19.0,686,87.1,2813,91.5,89.8,60.0,13,68,8,0,63,29,1.61,0,0.0,75,40,63,34,34,11,23,26,1020,68,260,533,236,24,8,37.5,37.5,378,750,10,2,18,9,29,15,1,2,99,20,19,51.3,N/a,N/a,
Nikola Milenković,rs SRB,Nott'ham Forest,DF,27-194,32,32,"2,880",4,2,4,0,3.6,0.8,3,47,6,0.12,0.06,0.11,0.03,N/a,N/a,N/a,N/a,26.9,0.22,0.15,12.1,705,80.8,5260,86.9,87.1,60.4,7,47,2,0,47,18,0.56,3,0.09,42,26,27,6,38,22,16,24,1189,225,650,463,80,58,1,100.0,0.0,454,939,3,2,2,2,16,4,1,0,71,91,36,71.7,N/a,N/a,
Noni Madueke,eng ENG,Chelsea,FW,23-045,27,22,"1,646",7,3,3,0,7.9,3.9,124,60,198,0.38,0.16,0.43,0.21,N/a,N/a,N/a,N/a,37.7,1.42,0.1,14.6,431,78.1,1619,86.8,76.9,57.1,28,11,33,8,60,69,3.77,8,0.44,20,14,32,20,13,0,13,8,793,17,78,219,509,157,76,42.1,48.7,534,2826,42,75,40,23,20,22,4,53,63,9,14,39.1,N/a,N/a,
Noussair Mazraoui,ma MAR,Manchester Utd,DF,27-161,33,30,"2,565",0,1,2,0,0.6,1.3,36,102,47,0.0,0.04,0.02,0.05,N/a,N/a,N/a,N/a,25.0,0.11,0.0,20.8,1387,85.5,7412,91.4,89.2,54.3,17,116,18,5,102,48,1.68,1,0.04,100,59,84,34,32,8,24,33,1940,154,767,894,303,26,43,55.8,37.2,1070,2613,28,3,23,16,37,21,3,20,137,46,27,63.0,N/a,N/a,
Nélson Semedo,pt POR,Wolves,DF,31-159,29,28,"2,488",0,4,7,0,0.8,2.6,61,66,103,0.0,0.14,0.03,0.09,N/a,N/a,N/a,N/a,40.0,0.22,0.0,24.2,924,80.0,4189,91.1,82.9,46.9,19,61,22,9,66,49,1.77,6,0.22,55,31,49,21,27,10,17,22,1471,113,424,668,397,23,60,43.3,43.3,752,2257,36,9,35,18,42,27,3,54,114,27,39,40.9,N/a,N/a,
Ola Aina,ng NGA,Nott'ham Forest,DF,28-198,30,30,"2,569",2,1,2,0,0.6,0.7,54,91,52,0.07,0.04,0.02,0.03,N/a,N/a,N/a,N/a,22.2,0.07,0.22,24.8,839,73.3,5391,88.1,72.8,36.1,11,78,15,7,91,50,1.75,3,0.11,53,40,58,24,32,12,20,30,1462,138,539,610,338,21,64,45.3,37.5,629,2328,35,10,39,21,21,32,2,42,160,12,18,40.0,N/a,N/a,
Ollie Watkins,eng ENG,Aston Villa,FW,29-115,34,27,"2,263",15,7,2,0,14.5,2.9,50,28,143,0.6,0.28,0.58,0.12,N/a,N/a,N/a,N/a,42.1,1.27,0.17,12.2,277,73.7,579,78.8,81.1,75.0,22,11,11,0,28,50,1.99,11,0.44,9,6,11,8,11,3,8,7,620,17,46,223,360,153,38,23.7,65.8,363,1022,21,35,51,44,27,29,12,7,39,46,61,43.0,N/a,N/a,
Omar Marmoush,eg EGY,Manchester City,"FW,MF",26-076,12,11,916,6,0,0,0,4.7,1.7,20,26,63,0.59,0.0,0.46,0.17,N/a,N/a,N/a,N/a,44.4,1.57,0.17,18.1,192,78.4,686,84.6,79.7,50.0,13,8,22,4,26,33,3.24,1,0.1,11,6,14,7,14,1,13,5,389,2,27,114,253,52,35,40.0,48.6,249,730,14,11,34,13,13,17,9,25,29,5,8,38.5,N/a,N/a,
Omari Hutchinson,eng ENG,Ipswich Town,"MF,FW",21-176,27,26,"2,223",3,2,5,0,2.3,2.5,71,69,131,0.12,0.08,0.09,0.1,N/a,N/a,N/a,N/a,44.4,0.65,0.08,20.8,581,78.3,1609,88.2,84.6,52.7,23,43,20,9,69,64,2.59,6,0.24,30,11,45,32,24,1,23,10,1061,12,168,450,463,74,114,39.5,47.4,645,2288,35,30,68,55,28,36,4,56,90,6,22,21.4,N/a,N/a,
Orel Mangala,be BEL,Everton,MF,27-037,19,14,"1,261",1,0,2,0,1.1,0.6,6,34,19,0.07,0.0,0.08,0.05,N/a,N/a,N/a,N/a,37.5,0.43,0.06,22.1,437,89.2,1567,90.5,94.9,76.7,8,50,8,1,34,24,1.72,1,0.07,16,8,8,3,8,3,5,21,621,22,133,335,157,13,24,58.3,37.5,298,576,6,3,12,12,24,17,2,6,49,6,8,42.9,N/a,N/a,
Pape Matar Sarr,sn SEN,Tottenham,MF,22-222,31,18,"1,591",3,2,6,0,3.3,1.5,29,79,50,0.17,0.11,0.18,0.09,N/a,N/a,N/a,N/a,40.0,0.68,0.1,21.4,808,87.3,2883,91.2,90.3,75.4,14,82,10,2,79,40,2.26,6,0.34,42,30,22,11,21,7,14,24,1110,32,231,623,274,26,25,44.0,48.0,713,1736,31,5,25,21,27,30,2,13,104,23,36,39.0,N/a,N/a,
Pau Torres,es ESP,Aston Villa,DF,28-098,20,20,"1,729",0,0,1,0,0.5,0.1,33,74,4,0.0,0.0,0.03,0.0,N/a,N/a,N/a,N/a,25.0,0.1,0.0,11.7,1032,88.3,6794,94.7,93.1,51.2,2,93,7,0,74,12,0.62,2,0.1,20,14,15,6,14,10,4,9,1293,209,626,595,78,15,17,88.2,11.8,803,3503,20,0,3,3,6,7,0,1,53,16,22,42.1,N/a,N/a,
Paul Onuachu,ng NGA,Southampton,FW,30-331,23,11,984,4,1,4,0,3.3,0.5,7,12,39,0.37,0.09,0.3,0.04,N/a,N/a,N/a,N/a,43.8,1.28,0.13,10.4,151,61.4,343,63.8,61.3,63.2,8,13,2,0,12,9,0.82,1,0.09,7,2,7,4,6,1,5,1,410,15,41,220,152,60,25,28.0,56.0,198,237,5,2,46,33,26,15,9,0,17,88,54,62.0,N/a,N/a,
Pedro Neto,pt POR,Chelsea,FW,25-046,30,19,"1,833",4,4,8,0,2.8,5.4,106,52,216,0.2,0.2,0.14,0.26,N/a,N/a,N/a,N/a,31.4,0.79,0.08,18.9,591,78.9,1973,92.8,81.6,49.1,41,24,32,21,52,82,4.03,7,0.34,19,9,16,10,12,2,10,8,961,8,79,277,617,101,87,29.9,44.8,632,2652,49,37,36,24,17,28,3,122,64,9,24,27.3,N/a,N/a,
Pedro Porro,es ESP,Tottenham,DF,25-223,31,26,"2,463",2,6,4,0,1.5,4.0,63,147,106,0.07,0.22,0.06,0.15,N/a,N/a,N/a,N/a,21.6,0.29,0.05,23.1,1324,73.5,9131,87.5,79.3,44.2,54,120,55,26,147,104,3.8,8,0.29,63,46,73,31,44,17,27,34,2131,124,623,772,749,30,39,33.3,61.5,1132,2677,40,5,23,17,24,30,1,191,148,11,22,33.3,N/a,N/a,
Pervis Estupiñán,ec ECU,Brighton,DF,27-093,26,22,"2,042",1,1,5,0,0.7,2.1,53,101,101,0.04,0.04,0.03,0.09,N/a,N/a,N/a,N/a,27.8,0.22,0.06,25.3,1154,83.9,5284,93.5,83.7,52.3,24,84,30,18,101,49,2.16,4,0.18,51,34,40,13,15,2,13,30,1620,67,408,809,420,28,28,50.0,46.4,853,2216,46,8,28,24,32,16,3,103,128,39,25,60.9,N/a,N/a,
Phil Foden,eng ENG,Manchester City,"MF,FW",24-331,25,19,"1,686",7,2,2,0,5.1,4.7,47,95,119,0.37,0.11,0.27,0.25,N/a,N/a,N/a,N/a,30.8,0.85,0.13,18.5,742,84.0,2445,90.6,89.2,59.6,42,40,35,5,95,84,4.48,9,0.48,12,5,17,10,12,1,11,9,1074,13,81,374,628,79,39,33.3,53.8,676,1674,30,15,35,30,5,31,3,73,58,3,8,27.3,N/a,N/a,
Radu Drăgușin,ro ROU,Tottenham,DF,23-080,16,14,"1,252",0,0,1,0,0.1,0.4,7,37,2,0.0,0.0,0.01,0.03,N/a,N/a,N/a,N/a,20.0,0.07,0.0,12.7,716,85.2,5250,91.0,93.0,43.9,4,52,2,1,37,8,0.58,1,0.07,10,6,12,6,22,16,6,15,961,148,510,430,30,12,2,0.0,0.0,623,1666,3,0,8,2,6,10,0,1,48,33,22,60.0,N/a,N/a,
Rasmus Højlund,dk DEN,Manchester Utd,FW,22-079,28,19,"1,654",3,0,2,0,3.4,1.2,26,16,82,0.16,0.0,0.18,0.06,N/a,N/a,N/a,N/a,37.5,0.49,0.13,13.1,210,77.2,432,83.4,73.5,75.0,13,12,5,1,16,30,1.63,1,0.05,3,1,4,4,4,0,4,1,422,5,28,211,190,56,28,28.6,64.3,263,619,13,16,56,27,15,25,10,6,28,21,79,21.0,N/a,N/a,
Rayan Aït-Nouri,dz ALG,Wolves,DF,23-322,32,32,"2,699",4,6,7,1,2.3,4.4,70,96,150,0.13,0.2,0.08,0.15,N/a,N/a,N/a,N/a,27.6,0.27,0.14,15.2,1226,84.1,5119,93.4,87.1,41.2,35,65,25,7,96,70,2.33,11,0.37,80,50,64,24,39,6,33,22,1813,85,500,772,564,75,104,48.1,38.5,943,2642,53,22,39,39,28,34,5,76,130,18,26,40.9,N/a,N/a,
Raúl Jiménez,mx MEX,Fulham,FW,33-354,33,25,"2,044",10,3,3,0,10.4,2.9,31,51,113,0.44,0.13,0.46,0.13,N/a,N/a,N/a,N/a,34.2,1.14,0.09,14.7,390,71.2,1321,81.6,74.4,60.4,17,33,9,3,51,52,2.29,6,0.26,28,18,18,12,18,5,13,9,846,28,100,371,388,140,44,40.9,52.3,475,943,19,16,60,41,33,35,13,19,67,66,81,44.9,N/a,N/a,
Riccardo Calafiori,it ITA,Arsenal,DF,22-340,17,11,925,2,1,4,0,0.9,0.3,21,54,29,0.19,0.1,0.08,0.03,N/a,N/a,N/a,N/a,60.0,0.58,0.2,14.1,449,85.4,1644,91.6,85.7,67.9,6,40,9,1,54,13,1.26,2,0.19,26,18,29,11,12,6,6,9,628,30,161,249,222,29,13,69.2,23.1,291,839,12,3,11,5,16,6,3,11,30,22,13,62.9,N/a,N/a,
Rico Lewis,eng ENG,Manchester City,"DF,MF",20-154,26,20,"1,810",1,2,5,1,1.4,0.3,36,103,68,0.05,0.1,0.07,0.02,N/a,N/a,N/a,N/a,20.0,0.1,0.1,15.8,1139,92.0,3120,94.8,94.2,68.3,7,92,13,0,103,31,1.54,3,0.15,29,19,21,8,27,7,20,13,1399,51,286,702,426,42,21,42.9,52.4,815,2032,38,8,19,19,10,33,0,3,93,5,13,27.8,N/a,N/a,
Robert Sánchez,es ESP,Chelsea,GK,27-157,27,27,"2,430",0,0,5,0,0.0,0.0,0,1,0,0.0,0.0,0.0,0.0,1.15,76.1,25.9,20.0,,0.0,,,768,72.2,12213,99.5,96.2,39.4,1,23,1,0,1,7,0.26,2,0.07,0,0,1,1,0,0,0,2,1128,827,1117,11,0,0,0,,,759,2346,0,0,0,0,2,3,0,0,39,6,0,100.0,N/a,N/a,
Rodrigo Bentancur,uy URU,Tottenham,MF,27-303,23,19,"1,518",2,0,7,0,1.3,0.4,26,99,34,0.12,0.0,0.08,0.03,N/a,N/a,N/a,N/a,22.7,0.3,0.09,17.4,916,88.1,3593,91.1,92.7,75.4,10,107,12,2,99,45,2.67,3,0.18,38,20,39,20,24,8,16,36,1252,70,299,747,215,24,18,44.4,44.4,739,1446,23,5,18,19,31,10,1,4,111,35,27,56.5,N/a,N/a,
Rodrigo Muniz,br BRA,Fulham,FW,23-355,31,8,964,8,1,1,0,5.8,0.7,6,27,31,0.75,0.09,0.54,0.07,N/a,N/a,N/a,N/a,48.7,1.77,0.21,12.0,92,64.8,528,67.6,68.9,84.6,7,13,3,0,27,17,1.59,2,0.19,10,5,4,0,9,2,7,5,311,14,27,161,127,55,18,33.3,50.0,157,187,4,3,47,24,11,31,3,1,14,67,63,51.5,N/a,N/a,
Ryan Christie,sct SCO,Bournemouth,MF,30-061,29,27,"2,117",2,3,9,0,1.8,3.5,34,137,44,0.09,0.13,0.08,0.15,N/a,N/a,N/a,N/a,36.4,0.51,0.06,19.6,837,79.3,4269,88.2,87.9,48.8,41,118,33,5,137,85,3.62,9,0.38,54,33,64,37,44,11,33,30,1376,74,256,773,372,46,48,47.9,45.8,726,1773,40,8,44,25,43,31,1,48,182,20,28,41.7,N/a,N/a,
Ryan Gravenberch,nl NED,Liverpool,MF,22-343,33,33,"2,831",0,3,5,0,1.0,2.8,62,160,54,0.0,0.1,0.03,0.09,N/a,N/a,N/a,N/a,23.5,0.13,0.0,24.2,1560,88.9,5730,92.4,91.9,60.0,24,135,31,1,160,63,2.0,6,0.19,62,32,49,20,33,10,23,56,2119,103,429,1243,474,23,70,47.1,37.1,1257,3302,70,9,45,19,40,46,0,6,174,25,13,65.8,N/a,N/a,
Ryan Manning,ie IRL,Southampton,"DF,MF",28-314,21,16,"1,279",0,0,2,0,0.3,2.7,12,31,68,0.0,0.0,0.02,0.19,N/a,N/a,N/a,N/a,14.3,0.07,0.0,20.8,557,79.3,2936,93.1,82.1,47.5,27,24,11,8,31,41,2.88,1,0.07,28,17,25,11,19,11,8,16,844,63,224,348,281,21,32,34.4,40.6,427,857,13,4,16,5,18,28,0,72,60,12,5,70.6,N/a,N/a,
Ryan Yates,eng ENG,Nott'ham Forest,MF,27-154,30,17,"1,775",2,1,9,0,2.3,1.1,17,45,12,0.1,0.05,0.11,0.06,N/a,N/a,N/a,N/a,29.0,0.46,0.06,18.9,559,82.1,1749,88.8,85.8,55.3,17,44,4,0,45,35,1.77,3,0.15,40,21,36,19,34,8,26,25,948,74,253,463,242,38,18,50.0,27.8,380,850,18,1,23,18,49,46,6,3,89,43,30,58.9,N/a,N/a,
Rúben Dias,pt POR,Manchester City,DF,27-345,23,21,"1,911",0,0,4,0,1.4,0.3,34,120,6,0.0,0.0,0.07,0.01,N/a,N/a,N/a,N/a,29.4,0.24,0.0,18.4,1852,93.3,10291,96.9,96.2,66.4,5,178,5,0,120,22,1.04,1,0.05,15,9,9,3,17,14,3,18,2133,188,711,1175,251,22,3,66.7,33.3,1524,5097,53,1,6,1,11,8,0,3,65,30,29,50.8,N/a,N/a,
Sam Morsy,eg EGY,Ipswich Town,MF,33-226,28,26,"2,329",1,1,9,0,0.3,0.8,14,101,9,0.04,0.04,0.01,0.03,N/a,N/a,N/a,N/a,22.2,0.08,0.11,26.3,1068,86.5,4690,93.2,91.4,58.3,17,125,13,2,101,37,1.43,2,0.08,60,34,56,31,29,11,18,28,1439,81,429,817,206,4,20,60.0,30.0,739,1704,20,2,14,9,43,22,0,11,132,14,22,38.9,N/a,N/a,
Sammie Szmodics,ie IRL,Ipswich Town,"FW,MF",29-212,19,13,979,4,0,2,0,3.4,0.2,16,18,46,0.37,0.0,0.31,0.02,N/a,N/a,N/a,N/a,57.1,1.1,0.19,14.0,144,74.2,702,87.0,84.4,51.7,4,10,4,1,18,9,0.83,0,0.0,15,9,23,17,10,2,8,6,309,17,80,119,116,33,12,33.3,50.0,174,399,8,7,24,17,9,8,8,13,41,6,11,35.3,N/a,N/a,
Sander Berge,no NOR,Fulham,MF,27-069,26,22,"1,972",0,0,4,0,0.2,0.6,25,105,8,0.0,0.0,0.01,0.03,N/a,N/a,N/a,N/a,0.0,0.0,0.0,7.6,957,91.1,4062,91.7,94.2,83.7,17,103,4,0,105,39,1.78,2,0.09,48,28,37,12,26,8,18,20,1225,75,342,709,180,13,20,55.0,30.0,712,1722,20,2,11,15,26,8,0,3,116,25,19,56.8,N/a,N/a,
Sandro Tonali,it ITA,Newcastle Utd,MF,24-351,31,23,"2,180",3,2,5,0,3.5,1.0,32,96,43,0.12,0.08,0.15,0.04,N/a,N/a,N/a,N/a,34.5,0.41,0.1,19.4,1023,83.2,3988,89.4,86.4,59.4,13,83,17,3,96,51,2.1,7,0.29,45,29,41,21,29,10,19,29,1469,60,340,827,326,37,31,58.1,32.3,797,1854,31,5,23,23,34,39,2,28,156,12,10,54.5,N/a,N/a,
Santiago Bueno,uy URU,Wolves,DF,26-166,26,18,"1,671",0,0,2,0,0.4,0.0,1,28,1,0.0,0.0,0.02,0.0,N/a,N/a,N/a,N/a,50.0,0.16,0.0,14.0,726,88.1,4114,92.4,94.0,56.7,0,23,2,0,28,12,0.65,4,0.22,39,20,21,5,33,19,14,15,1001,166,506,477,21,6,4,0.0,100.0,545,1427,2,0,2,2,26,5,0,0,43,34,31,52.3,N/a,N/a,
Saša Lukić,rs SRB,Fulham,MF,28-254,26,25,"2,034",0,2,12,0,0.9,2.6,37,83,28,0.0,0.09,0.04,0.11,N/a,N/a,N/a,N/a,14.3,0.09,0.0,21.0,962,87.8,3853,92.2,92.5,69.5,22,88,14,5,83,49,2.17,3,0.13,60,34,47,30,16,6,10,25,1302,48,282,744,289,15,17,47.1,29.4,726,1973,37,4,20,7,56,25,0,53,101,18,22,45.0,N/a,N/a,
Sepp van den Berg,nl NED,Brentford,DF,23-125,26,24,"2,136",0,0,2,0,1.4,0.2,8,66,27,0.0,0.0,0.06,0.01,N/a,N/a,N/a,N/a,28.6,0.17,0.0,10.9,876,83.9,4775,87.0,88.3,62.9,4,55,3,1,66,20,0.84,2,0.08,35,22,25,9,47,33,14,19,1329,236,673,502,157,40,7,57.1,42.9,583,1446,9,0,14,6,19,5,1,7,79,79,62,56.0,N/a,N/a,
Son Heung-min,kr KOR,Tottenham,FW,32-290,28,23,"2,004",7,9,1,0,7.0,8.2,87,104,259,0.31,0.4,0.31,0.37,N/a,N/a,N/a,N/a,45.3,1.08,0.11,17.0,703,79.0,2671,89.7,80.0,48.0,50,36,51,6,104,116,5.21,15,0.67,17,9,23,18,10,0,10,5,1093,15,110,347,646,117,82,35.4,48.8,732,2334,45,40,25,29,5,28,11,75,81,6,11,35.3,N/a,N/a,
Stefan Ortega,de GER,Manchester City,GK,32-169,13,12,"1,100",0,0,1,0,0.0,0.0,0,0,0,0.0,0.0,0.0,0.0,1.47,68.0,25.0,0.0,,0.0,,,373,81.3,5597,97.1,96.9,51.3,0,6,0,0,0,0,0.0,0,0.0,0,0,1,1,0,0,0,0,492,383,489,3,0,0,0,,,323,864,0,0,0,0,1,2,0,0,8,2,0,100.0,N/a,N/a,
Stephy Mavididi,eng ENG,Leicester City,FW,26-328,30,16,"1,615",4,1,2,0,1.8,2.6,91,57,138,0.22,0.06,0.1,0.15,N/a,N/a,N/a,N/a,26.9,0.39,0.15,16.1,460,75.0,1429,91.1,67.4,41.9,22,32,26,7,57,50,2.78,7,0.39,34,19,42,28,26,2,24,11,863,23,132,327,421,61,95,36.8,49.5,583,2355,40,27,39,35,18,18,3,69,83,9,15,37.5,N/a,N/a,
Sávio,br BRA,Manchester City,"FW,MF",21-014,27,21,"1,734",1,8,3,0,4.9,6.8,133,66,239,0.05,0.42,0.25,0.35,N/a,N/a,N/a,N/a,38.9,1.09,0.02,17.7,676,80.9,1700,89.8,80.1,57.4,44,19,47,8,66,107,5.55,15,0.78,22,16,18,9,13,2,11,6,1071,14,55,281,754,149,111,45.9,35.1,766,3494,44,73,42,37,17,27,3,81,79,1,2,33.3,N/a,N/a,
Taylor Harwood-Bellis,eng ENG,Southampton,DF,23-084,30,28,"2,474",1,0,8,0,1.7,1.0,28,112,8,0.04,0.0,0.06,0.04,N/a,N/a,N/a,N/a,36.8,0.25,0.05,10.6,1707,88.2,11310,93.3,91.9,64.4,14,165,9,0,112,35,1.27,2,0.07,27,19,32,13,57,36,21,30,2207,290,1021,1032,163,38,3,100.0,0.0,1278,3548,27,0,13,5,31,12,0,9,114,50,35,58.8,N/a,N/a,
Thomas Partey,gh GHA,Arsenal,"MF,DF",31-315,31,27,"2,437",4,2,4,0,2.0,1.9,31,165,45,0.15,0.07,0.07,0.07,N/a,N/a,N/a,N/a,30.4,0.26,0.17,19.5,1486,87.7,6335,93.0,89.0,67.8,17,146,33,2,165,56,2.07,13,0.48,79,48,68,25,23,7,16,32,1926,64,400,1060,477,27,30,66.7,26.7,1088,3086,36,3,20,14,39,27,1,12,120,26,21,55.3,N/a,N/a,
Timothy Castagne,be BEL,Fulham,DF,29-140,23,17,"1,625",0,1,1,0,0.4,1.2,17,61,67,0.0,0.06,0.02,0.07,N/a,N/a,N/a,N/a,37.5,0.17,0.0,14.0,768,81.8,3861,89.9,85.8,49.3,9,51,5,3,61,25,1.38,3,0.17,46,29,45,19,15,6,9,22,1149,91,444,458,253,32,12,41.7,41.7,542,1043,15,2,15,5,15,6,1,37,55,34,35,49.3,N/a,N/a,
Tomáš Souček,cz CZE,West Ham,MF,30-056,30,25,"2,161",7,1,8,0,5.3,1.0,6,66,58,0.29,0.04,0.22,0.04,N/a,N/a,N/a,N/a,25.5,0.5,0.15,11.4,600,73.4,2803,78.8,76.8,69.0,14,57,8,1,66,43,1.79,3,0.12,36,18,34,17,33,16,17,15,1074,106,295,528,255,93,11,54.5,45.5,414,439,10,3,16,10,39,23,4,11,50,87,65,57.2,N/a,N/a,
Tosin Adarabioyo,eng ENG,Chelsea,DF,27-212,20,13,"1,229",1,1,3,0,0.9,0.2,5,37,1,0.07,0.07,0.07,0.02,N/a,N/a,N/a,N/a,16.7,0.15,0.08,12.5,988,91.4,6479,95.7,94.9,61.1,1,53,1,0,37,12,0.88,1,0.07,14,10,12,4,9,7,2,10,1198,160,570,603,26,13,5,80.0,0.0,713,1690,2,0,3,0,8,6,1,0,34,36,26,58.1,N/a,N/a,
Toti Gomes,pt POR,Wolves,DF,26-098,26,25,"2,164",0,1,5,0,0.7,0.9,21,64,12,0.0,0.04,0.03,0.04,N/a,N/a,N/a,N/a,28.6,0.08,0.0,11.6,1148,84.7,6838,91.3,91.8,49.3,7,68,5,3,64,18,0.75,1,0.04,49,36,33,7,26,16,10,22,1617,196,765,781,90,15,25,68.0,24.0,937,2503,17,0,16,12,21,13,4,12,89,41,21,66.1,N/a,N/a,
Trent Alexander-Arnold,eng ENG,Liverpool,DF,26-199,29,26,"2,165",3,6,5,0,1.6,6.7,48,204,87,0.12,0.25,0.07,0.28,N/a,N/a,N/a,N/a,20.5,0.33,0.08,23.4,1325,73.7,10467,89.9,76.0,49.9,50,189,62,20,204,92,3.82,10,0.42,68,48,100,53,25,8,17,30,2059,82,549,913,611,40,29,44.8,48.3,1083,2686,35,8,19,15,9,7,1,142,122,3,12,20.0,N/a,N/a,
Trevoh Chalobah,eng ENG,Crystal Palace,DF,25-293,12,12,"1,060",3,0,1,0,1.2,0.4,3,29,2,0.25,0.0,0.1,0.03,N/a,N/a,N/a,N/a,33.3,0.27,0.0,10.8,471,90.2,2485,94.6,94.2,58.8,3,34,3,0,29,10,1.37,2,0.27,5,2,5,1,4,2,2,7,589,49,251,291,52,10,3,33.3,0.0,325,567,2,0,3,2,6,5,0,3,22,21,9,70.0,N/a,N/a,
Tyler Adams,us USA,Bournemouth,MF,26-069,23,16,"1,530",0,3,6,0,1.6,0.8,12,61,7,0.0,0.18,0.09,0.05,N/a,N/a,N/a,N/a,25.0,0.12,0.0,16.1,674,83.1,2528,88.2,87.9,56.9,14,52,2,1,61,35,2.06,4,0.24,74,45,62,28,27,7,20,29,1041,46,270,601,182,15,16,18.8,56.3,491,1059,17,1,25,9,40,18,0,3,91,29,15,65.9,N/a,N/a,
Tyler Dibling,eng ENG,Southampton,"FW,MF",19-043,29,18,"1,684",2,0,6,0,2.5,1.5,67,59,90,0.11,0.0,0.14,0.08,N/a,N/a,N/a,N/a,32.1,0.48,0.07,19.3,456,81.0,1420,90.4,85.4,44.2,20,24,20,1,59,55,2.94,4,0.21,34,20,26,10,18,5,13,7,796,24,103,363,349,40,102,43.1,36.3,514,2085,47,26,41,52,28,48,1,27,70,9,20,31.0,N/a,N/a,
Tyrick Mitchell,eng ENG,Crystal Palace,DF,25-235,34,34,"2,852",0,4,2,0,1.2,5.6,56,62,160,0.0,0.13,0.04,0.18,N/a,N/a,N/a,N/a,18.2,0.06,0.0,13.4,904,72.2,5536,84.3,74.5,42.3,37,45,31,14,62,66,2.08,5,0.16,85,52,41,20,62,12,50,14,1614,104,560,615,452,42,31,41.9,48.4,742,1564,33,9,35,28,20,22,2,97,152,18,21,46.2,N/a,N/a,
Tyrone Mings,eng ENG,Aston Villa,DF,32-042,13,11,"1,051",0,0,1,0,0.8,0.2,6,39,0,0.0,0.0,0.07,0.02,N/a,N/a,N/a,N/a,11.1,0.09,0.0,11.8,581,88.6,3319,92.7,94.3,54.0,3,47,5,0,39,17,1.45,2,0.17,6,5,2,0,13,11,2,7,767,139,388,340,43,15,2,100.0,0.0,472,1333,12,0,3,1,3,9,0,1,33,26,21,55.3,N/a,N/a,
Valentino Livramento,eng ENG,Newcastle Utd,DF,22-163,32,27,"2,390",0,1,1,0,0.2,2.3,68,129,85,0.0,0.04,0.01,0.09,N/a,N/a,N/a,N/a,20.0,0.04,0.0,20.6,1170,84.5,5756,90.4,86.2,55.3,21,86,23,5,129,37,1.39,2,0.08,49,32,53,25,31,10,21,20,1659,104,543,767,374,28,47,44.7,40.4,867,2741,37,9,24,34,6,32,2,40,165,20,30,40.0,N/a,N/a,
Victor Bernth Kristiansen,dk DEN,Leicester City,DF,22-129,28,28,"2,380",0,1,1,0,0.3,1.4,39,69,75,0.0,0.04,0.01,0.05,N/a,N/a,N/a,N/a,0.0,0.0,0.0,17.7,1007,77.6,5793,89.6,80.1,41.4,18,74,23,18,69,41,1.55,3,0.11,85,50,87,40,37,14,23,40,1581,113,564,711,319,15,17,47.1,47.1,800,1806,25,5,13,12,17,17,3,96,97,19,42,31.1,N/a,N/a,
Virgil van Dijk,nl NED,Liverpool,DF,33-290,33,33,"2,970",2,1,3,0,1.9,0.7,18,172,6,0.06,0.03,0.06,0.02,N/a,N/a,N/a,N/a,30.4,0.21,0.09,12.7,2371,91.5,17059,95.9,95.4,68.0,11,258,5,0,172,44,1.33,4,0.12,34,16,20,9,22,12,10,52,2915,383,1152,1624,147,44,5,60.0,40.0,1640,4329,20,3,8,5,15,12,0,1,104,109,44,71.2,N/a,N/a,
Vitaliy Mykolenko,ua UKR,Everton,DF,25-330,30,30,"2,632",0,1,2,0,0.4,1.5,29,99,75,0.0,0.03,0.01,0.05,N/a,N/a,N/a,N/a,0.0,0.0,0.0,20.5,836,74.2,5810,89.1,73.9,45.0,19,95,35,20,99,35,1.2,3,0.1,54,32,46,21,24,9,15,34,1433,110,455,618,371,24,18,38.9,44.4,581,1348,23,1,19,8,18,26,3,80,73,42,36,53.8,N/a,N/a,
Vitaly Janelt,de GER,Brentford,MF,26-349,32,27,"2,254",1,3,3,0,0.8,2.2,17,80,38,0.04,0.12,0.03,0.09,N/a,N/a,N/a,N/a,28.6,0.16,0.07,17.7,872,82.5,4279,90.6,85.4,55.9,14,78,23,7,80,32,1.28,3,0.12,38,22,36,15,33,9,24,27,1289,118,418,574,306,32,12,25.0,58.3,652,1278,18,3,16,10,24,15,1,30,107,19,11,63.3,N/a,N/a,
Wes Burns,wls WAL,Ipswich Town,"FW,DF",30-152,18,12,926,0,1,1,0,0.5,1.6,38,8,65,0.0,0.1,0.05,0.16,N/a,N/a,N/a,N/a,14.3,0.1,0.0,18.3,153,60.5,597,80.4,65.4,38.9,10,8,8,7,8,16,1.55,1,0.1,13,11,10,6,7,2,5,10,350,21,69,129,160,18,24,37.5,58.3,216,696,13,10,17,13,4,11,0,46,50,8,21,27.6,N/a,N/a,
Wesley Fofana,fr FRA,Chelsea,DF,24-128,14,14,"1,172",0,0,7,0,0.4,0.4,19,32,4,0.0,0.0,0.03,0.03,N/a,N/a,N/a,N/a,0.0,0.0,0.0,10.6,724,90.2,3415,93.9,92.5,61.9,6,54,1,0,32,15,1.15,0,0.0,13,12,14,8,14,9,5,14,933,81,370,523,55,10,15,53.3,20.0,557,1614,12,1,16,5,24,16,0,1,54,27,12,69.2,N/a,N/a,
Wilfred Ndidi,ng NGA,Leicester City,MF,28-129,24,24,"1,967",0,4,7,0,1.8,1.8,14,59,72,0.0,0.18,0.08,0.08,N/a,N/a,N/a,N/a,40.0,0.37,0.0,14.5,675,79.0,2440,86.2,80.6,50.8,14,55,9,2,59,25,1.14,3,0.14,72,42,49,25,44,18,26,23,1162,109,391,555,226,56,29,41.4,51.7,551,922,19,2,33,28,36,16,3,28,107,51,46,52.6,N/a,N/a,
Will Hughes,eng ENG,Crystal Palace,MF,30-007,29,21,"1,869",0,3,11,0,1.0,2.7,18,82,24,0.0,0.14,0.05,0.13,N/a,N/a,N/a,N/a,5.3,0.05,0.0,22.6,658,76.1,3689,88.6,82.7,36.7,29,69,14,3,82,61,2.94,6,0.29,61,33,59,32,29,14,15,19,1070,41,253,551,278,14,14,28.6,42.9,469,1120,22,1,19,24,60,30,0,65,107,17,17,50.0,N/a,N/a,
William Saliba,fr FRA,Arsenal,DF,24-031,32,32,"2,814",2,0,2,1,2.4,0.9,16,134,6,0.06,0.0,0.08,0.03,N/a,N/a,N/a,N/a,33.3,0.06,0.33,5.4,2272,94.2,11808,95.7,96.1,80.4,7,175,6,0,134,26,0.83,1,0.03,58,34,26,6,23,14,9,21,2657,174,1036,1495,141,18,18,66.7,27.8,1640,3911,17,1,17,7,27,17,1,3,140,57,35,62.0,N/a,N/a,
Wout Faes,be BEL,Leicester City,DF,27-021,29,25,"2,365",1,0,3,0,1.4,0.1,12,72,1,0.04,0.0,0.05,0.0,N/a,N/a,N/a,N/a,9.1,0.04,0.09,10.0,1115,86.8,7094,93.3,94.6,51.4,4,73,6,0,72,13,0.49,0,0.0,38,23,42,20,43,31,12,26,1579,256,774,747,66,26,5,80.0,20.0,906,2500,12,2,16,6,20,9,1,5,80,40,31,56.3,N/a,N/a,
Yankuba Minteh,gm GAM,Brighton,"FW,MF",20-276,27,16,"1,470",5,4,6,0,3.7,4.7,63,35,154,0.31,0.24,0.23,0.29,N/a,N/a,N/a,N/a,46.4,0.8,0.18,13.6,277,62.1,1520,77.7,63.2,44.8,25,12,26,6,35,52,3.19,10,0.61,42,31,45,28,17,0,17,10,670,27,121,192,375,112,79,46.8,44.3,378,1585,17,49,41,19,17,9,4,70,73,16,25,39.0,N/a,N/a,
Yasin Ayari,se SWE,Brighton,MF,21-200,29,18,"1,647",0,1,3,0,2.2,2.1,27,65,56,0.0,0.05,0.12,0.12,N/a,N/a,N/a,N/a,25.0,0.33,0.0,18.6,662,81.1,2737,91.9,84.4,38.1,26,45,17,4,65,52,2.84,6,0.33,51,28,47,27,21,6,15,19,1040,49,235,524,297,42,40,42.5,35.0,539,1268,23,6,32,21,31,22,3,61,104,13,18,41.9,N/a,N/a,
Yehor Yarmoliuk,ua UKR,Brentford,MF,21-054,26,10,"1,039",0,0,4,0,0.6,0.3,12,45,42,0.0,0.0,0.05,0.02,N/a,N/a,N/a,N/a,22.2,0.17,0.0,15.9,471,86.1,1903,87.3,88.8,84.7,6,56,6,3,45,18,1.56,2,0.17,34,22,43,22,23,6,17,9,703,45,195,359,164,14,20,45.0,45.0,365,605,14,2,23,16,11,8,2,13,83,7,5,58.3,N/a,N/a,
Yoane Wissa,cd COD,Brentford,FW,28-233,30,29,"2,470",16,3,2,0,14.9,1.8,48,56,131,0.58,0.11,0.54,0.07,N/a,N/a,N/a,N/a,45.9,1.24,0.22,13.7,394,77.1,1374,86.4,75.3,61.0,23,40,9,1,56,58,2.11,8,0.29,18,8,23,14,25,5,20,8,801,29,124,325,365,138,43,27.9,51.2,472,1345,20,26,62,27,26,44,14,20,61,28,31,47.5,N/a,N/a,
Youri Tielemans,be BEL,Aston Villa,MF,27-352,34,34,"2,915",2,7,4,0,3.0,6.9,37,226,44,0.06,0.22,0.09,0.21,N/a,N/a,N/a,N/a,30.6,0.34,0.06,20.4,1639,82.4,9982,90.1,87.6,53.8,59,221,35,4,226,116,3.58,12,0.37,82,56,72,33,36,15,21,21,2296,97,460,1324,537,41,57,52.6,31.6,1242,2466,26,9,30,28,40,53,0,115,140,22,18,55.0,N/a,N/a,
Yukinari Sugawara,jp JPN,Southampton,"DF,MF",24-300,29,15,"1,467",1,1,4,0,0.5,2.2,32,68,76,0.06,0.06,0.03,0.14,N/a,N/a,N/a,N/a,38.5,0.31,0.08,19.2,689,79.9,3323,88.2,82.9,47.9,17,43,21,9,68,39,2.39,1,0.06,29,16,30,12,17,7,10,10,1023,61,306,395,327,29,20,45.0,50.0,553,1354,15,7,18,4,15,9,4,69,40,5,9,35.7,N/a,N/a,
Yves Bissouma,ml MLI,Tottenham,MF,28-237,24,15,"1,210",2,0,7,0,0.6,0.3,15,71,3,0.15,0.0,0.04,0.02,N/a,N/a,N/a,N/a,40.0,0.3,0.2,23.2,693,89.4,2727,92.9,93.4,63.2,6,57,10,1,71,15,1.12,0,0.0,44,28,32,15,7,4,3,14,938,58,261,535,148,5,21,33.3,66.7,564,1513,17,0,22,13,22,18,0,2,71,4,7,36.4,N/a,N/a,
Álex Moreno,es ESP,Nott'ham Forest,"DF,MF",31-320,15,11,955,0,1,2,0,0.2,1.3,26,34,34,0.0,0.09,0.02,0.12,N/a,N/a,N/a,N/a,0.0,0.0,0.0,23.7,308,72.0,1911,87.6,64.2,35.0,8,25,9,2,34,16,1.51,2,0.19,25,18,39,24,11,5,6,15,559,60,210,202,158,8,21,38.1,38.1,229,864,16,4,13,6,12,6,0,19,50,3,11,21.4,N/a,N/a,
Łukasz Fabiański,pl POL,West Ham,GK,40-006,13,12,"1,070",0,0,2,0,0.0,0.0,0,0,0,0.0,0.0,0.0,0.0,1.68,74.6,16.7,0.0,,0.0,,,304,67.0,6129,100.0,99.3,41.3,0,4,0,0,0,3,0.25,0,0.0,0,0,1,1,0,0,0,0,488,382,483,5,0,0,2,100.0,0.0,258,845,0,0,0,0,2,1,0,0,5,2,1,66.7,N/a,N/a,
